-- --------------------------------------------------------
-- Host:                         127.0.0.1
-- Server version:               5.7.33 - MySQL Community Server (GPL)
-- Server OS:                    Win64
-- HeidiSQL Version:             11.2.0.6213
-- --------------------------------------------------------

/*!40101 SET @OLD_CHARACTER_SET_CLIENT=@@CHARACTER_SET_CLIENT */;
/*!40101 SET NAMES utf8 */;
/*!50503 SET NAMES utf8mb4 */;
/*!40014 SET @OLD_FOREIGN_KEY_CHECKS=@@FOREIGN_KEY_CHECKS, FOREIGN_KEY_CHECKS=0 */;
/*!40101 SET @OLD_SQL_MODE=@@SQL_MODE, SQL_MODE='NO_AUTO_VALUE_ON_ZERO' */;
/*!40111 SET @OLD_SQL_NOTES=@@SQL_NOTES, SQL_NOTES=0 */;


-- Dumping database structure for thesis_mgm
CREATE DATABASE IF NOT EXISTS `thesis_mgm` /*!40100 DEFAULT CHARACTER SET latin1 */;
USE `thesis_mgm`;

-- Dumping structure for table thesis_mgm.interchanges
CREATE TABLE IF NOT EXISTS `interchanges` (
  `idinterchange` int(11) DEFAULT NULL,
  `name` varchar(50) DEFAULT NULL
) ENGINE=InnoDB DEFAULT CHARSET=latin1;

-- Dumping data for table thesis_mgm.interchanges: ~37 rows (approximately)
/*!40000 ALTER TABLE `interchanges` DISABLE KEYS */;
INSERT INTO `interchanges` (`idinterchange`, `name`) VALUES
	(4, NULL),
	(6, NULL),
	(7, NULL),
	(12, NULL),
	(15, NULL),
	(16, NULL),
	(17, NULL),
	(18, NULL),
	(19, NULL),
	(21, NULL),
	(22, NULL),
	(23, NULL),
	(25, NULL),
	(26, NULL),
	(27, NULL),
	(28, NULL),
	(33, NULL),
	(34, NULL),
	(35, NULL),
	(36, NULL),
	(37, NULL),
	(38, NULL),
	(39, NULL),
	(40, NULL),
	(41, NULL),
	(43, NULL),
	(44, NULL),
	(45, NULL),
	(46, NULL),
	(47, NULL),
	(48, NULL),
	(49, NULL),
	(50, NULL),
	(51, NULL),
	(52, NULL),
	(53, NULL),
	(54, NULL);
/*!40000 ALTER TABLE `interchanges` ENABLE KEYS */;

-- Dumping structure for table thesis_mgm.linepoint
CREATE TABLE IF NOT EXISTS `linepoint` (
  `idline` int(11) DEFAULT NULL,
  `idpoint` int(11) DEFAULT NULL,
  `sequence` int(11) DEFAULT NULL,
  `keep` int(11) DEFAULT NULL,
  `stop` int(11) DEFAULT NULL,
  `idinterchange` int(11) DEFAULT NULL
) ENGINE=InnoDB DEFAULT CHARSET=latin1;

-- Dumping data for table thesis_mgm.linepoint: ~1.529 rows (approximately)
/*!40000 ALTER TABLE `linepoint` DISABLE KEYS */;
INSERT INTO `linepoint` (`idline`, `idpoint`, `sequence`, `keep`, `stop`, `idinterchange`) VALUES
	(1, 637, 0, 1, 0, NULL),
	(1, 638, 3, 1, 0, NULL),
	(1, 639, 5, 1, 0, NULL),
	(1, 640, 9, 1, 0, NULL),
	(1, 641, 22, 1, 1, 53),
	(1, 642, 36, 1, 1, 54),
	(1, 643, 45, 1, 1, 52),
	(1, 644, 47, 1, 0, NULL),
	(1, 645, 51, 1, 0, NULL),
	(1, 646, 56, 1, 0, NULL),
	(1, 647, 63, 1, 0, NULL),
	(1, 648, 68, 1, 0, NULL),
	(1, 649, 75, 1, 1, 34),
	(1, 650, 86, 1, 0, NULL),
	(1, 651, 89, 1, 1, 41),
	(1, 652, 91, 1, 0, NULL),
	(1, 653, 94, 1, 1, NULL),
	(1, 654, 96, 1, 0, NULL),
	(1, 655, 101, 1, 1, 49),
	(1, 661, 133, 1, 1, 35),
	(1, 664, 140, 1, 0, NULL),
	(1, 666, 144, 1, 0, NULL),
	(1, 667, 146, 1, 1, 19),
	(1, 669, 150, 1, 1, 18),
	(1, 672, 158, 1, 1, 43),
	(1, 673, 163, 1, 0, NULL),
	(1, 678, 176, 1, 0, NULL),
	(1, 679, 178, 1, 0, NULL),
	(1, 685, 196, 1, 0, NULL),
	(1, 686, 197, 1, 0, NULL),
	(1, 687, 199, 1, 0, NULL),
	(1, 688, 202, 1, 0, NULL),
	(1, 689, 204, 1, 0, NULL),
	(1, 690, 205, 1, 0, NULL),
	(1, 691, 208, 1, 0, NULL),
	(1, 692, 209, 1, 1, 23),
	(1, 699, 254, 1, 1, 22),
	(1, 707, 289, 1, 0, NULL),
	(1, 708, 291, 1, 0, NULL),
	(1, 709, 295, 1, 0, NULL),
	(1, 710, 299, 1, 0, NULL),
	(1, 711, 301, 1, 0, NULL),
	(1, 712, 303, 1, 0, NULL),
	(1, 713, 309, 1, 0, NULL),
	(1, 714, 311, 1, 0, NULL),
	(1, 715, 313, 1, 0, NULL),
	(1, 716, 316, 1, 0, NULL),
	(1, 717, 320, 1, 1, 4),
	(1, 718, 333, 1, 0, NULL),
	(1, 719, 337, 1, 0, NULL),
	(1, 720, 341, 1, 0, NULL),
	(1, 721, 343, 1, 0, NULL),
	(1, 722, 7, 1, 0, NULL),
	(1, 723, 8, 1, 0, NULL),
	(1, 724, 10, 1, 0, NULL),
	(1, 725, 12, 1, 0, NULL),
	(1, 726, 13, 1, 0, NULL),
	(1, 727, 15, 1, 0, NULL),
	(1, 728, 17, 1, 0, NULL),
	(1, 729, 19, 1, 0, NULL),
	(1, 730, 20, 1, 0, NULL),
	(1, 731, 23, 1, 0, NULL),
	(1, 732, 26, 1, 0, NULL),
	(1, 733, 30, 1, 0, NULL),
	(1, 734, 34, 1, 0, NULL),
	(1, 735, 38, 1, 0, NULL),
	(1, 736, 39, 1, 0, NULL),
	(1, 737, 40, 1, 0, NULL),
	(1, 738, 41, 1, 0, NULL),
	(1, 739, 49, 1, 0, NULL),
	(1, 740, 50, 1, 0, NULL),
	(1, 741, 53, 1, 0, NULL),
	(1, 742, 55, 1, 0, NULL),
	(1, 743, 58, 1, 0, NULL),
	(1, 744, 59, 1, 0, NULL),
	(1, 745, 61, 1, 0, NULL),
	(1, 746, 66, 1, 0, NULL),
	(1, 747, 71, 1, 0, NULL),
	(1, 748, 80, 1, 0, NULL),
	(1, 749, 83, 1, 0, NULL),
	(1, 750, 84, 1, 0, NULL),
	(1, 751, 87, 1, 0, NULL),
	(1, 752, 92, 1, 0, NULL),
	(1, 753, 95, 1, 0, NULL),
	(1, 754, 97, 1, 0, NULL),
	(1, 755, 99, 1, 0, NULL),
	(1, 765, 162, 1, 0, NULL),
	(1, 775, 193, 1, 0, NULL),
	(1, 777, 198, 1, 0, NULL),
	(1, 778, 200, 1, 0, NULL),
	(1, 779, 201, 1, 0, NULL),
	(1, 780, 206, 1, 0, NULL),
	(1, 781, 207, 1, 0, NULL),
	(1, 786, 220, 1, 0, NULL),
	(1, 791, 238, 1, 1, 21),
	(1, 794, 244, 1, 0, NULL),
	(1, 798, 256, 1, 0, NULL),
	(1, 799, 258, 1, 0, NULL),
	(1, 803, 265, 1, 0, NULL),
	(1, 807, 274, 1, 0, NULL),
	(1, 813, 287, 1, 0, NULL),
	(1, 814, 288, 1, 0, NULL),
	(1, 815, 293, 1, 0, NULL),
	(1, 816, 297, 1, 0, NULL),
	(1, 817, 300, 1, 0, NULL),
	(1, 818, 305, 1, 0, NULL),
	(1, 819, 307, 1, 0, NULL),
	(1, 820, 315, 1, 0, NULL),
	(1, 821, 317, 1, 0, NULL),
	(1, 822, 319, 1, 0, NULL),
	(1, 823, 327, 1, 0, NULL),
	(1, 824, 331, 1, 0, NULL),
	(1, 825, 332, 1, 0, NULL),
	(1, 826, 334, 1, 0, NULL),
	(1, 827, 335, 1, 0, NULL),
	(1, 828, 336, 1, 0, NULL),
	(1, 829, 338, 1, 0, NULL),
	(1, 830, 339, 1, 0, NULL),
	(1, 831, 340, 1, 0, NULL),
	(1, 832, 342, 1, 0, NULL),
	(1, 1444, 77, 1, 0, NULL),
	(1, 1445, 79, 1, 0, NULL),
	(1, 1446, 318, 1, 0, NULL),
	(1, 1447, 321, 1, 0, NULL),
	(1, 1448, 322, 1, 0, NULL),
	(1, 1449, 323, 1, 0, NULL),
	(1, 1450, 324, 1, 0, NULL),
	(1, 1451, 325, 1, 0, NULL),
	(1, 1452, 326, 1, 0, NULL),
	(1, 1453, 328, 1, 0, NULL),
	(1, 1454, 329, 1, 0, NULL),
	(1, 1455, 330, 1, 0, NULL),
	(1, 1456, 290, 1, 0, NULL),
	(1, 1457, 292, 1, 0, NULL),
	(1, 1458, 294, 1, 0, NULL),
	(1, 1459, 296, 1, 0, NULL),
	(1, 1460, 298, 1, 0, NULL),
	(1, 1461, 302, 1, 0, NULL),
	(1, 1462, 304, 1, 0, NULL),
	(1, 1463, 306, 1, 0, NULL),
	(1, 1464, 308, 1, 0, NULL),
	(1, 1465, 310, 1, 0, NULL),
	(1, 1466, 312, 1, 0, NULL),
	(1, 1467, 314, 1, 0, NULL),
	(1, 1468, 60, 1, 0, NULL),
	(1, 1469, 62, 1, 0, NULL),
	(1, 1470, 64, 1, 0, NULL),
	(1, 1471, 65, 1, 0, NULL),
	(1, 1472, 67, 1, 0, NULL),
	(1, 1473, 69, 1, 0, NULL),
	(1, 1474, 70, 1, 0, NULL),
	(1, 1475, 72, 1, 0, NULL),
	(1, 1476, 73, 1, 0, NULL),
	(1, 1477, 74, 1, 0, NULL),
	(1, 1478, 76, 1, 0, NULL),
	(1, 1479, 78, 1, 0, NULL),
	(1, 1480, 81, 1, 0, NULL),
	(1, 1481, 82, 1, 0, NULL),
	(1, 1482, 85, 1, 0, NULL),
	(1, 1483, 88, 1, 0, NULL),
	(1, 1484, 90, 1, 0, NULL),
	(1, 1485, 93, 1, 0, NULL),
	(1, 1490, 116, 1, 0, NULL),
	(1, 1491, 117, 1, 0, NULL),
	(1, 1492, 119, 1, 0, NULL),
	(1, 1501, 151, 1, 0, NULL),
	(1, 1508, 203, 1, 0, NULL),
	(1, 1518, 255, 1, 0, NULL),
	(1, 1523, 272, 1, 0, NULL),
	(1, 1526, 1, 1, 0, NULL),
	(1, 1527, 2, 1, 0, NULL),
	(1, 1528, 4, 1, 0, NULL),
	(1, 1529, 6, 1, 0, NULL),
	(1, 1530, 11, 1, 0, NULL),
	(1, 1531, 14, 1, 0, NULL),
	(1, 1532, 16, 1, 0, NULL),
	(1, 1533, 18, 1, 0, NULL),
	(1, 1534, 21, 1, 0, NULL),
	(1, 1535, 24, 1, 0, NULL),
	(1, 1536, 25, 1, 0, NULL),
	(1, 1537, 27, 1, 0, NULL),
	(1, 1538, 28, 1, 0, NULL),
	(1, 1539, 29, 1, 0, NULL),
	(1, 1540, 31, 1, 0, NULL),
	(1, 1541, 32, 1, 0, NULL),
	(1, 1542, 33, 1, 0, NULL),
	(1, 1543, 35, 1, 0, NULL),
	(1, 1544, 37, 1, 0, NULL),
	(1, 1545, 42, 1, 0, NULL),
	(1, 1546, 43, 1, 0, NULL),
	(1, 1547, 44, 1, 0, NULL),
	(1, 1548, 46, 1, 0, NULL),
	(1, 1549, 48, 1, 0, NULL),
	(1, 1550, 52, 1, 0, NULL),
	(1, 1551, 54, 1, 0, NULL),
	(1, 1552, 57, 1, 0, NULL),
	(1, 2393, 164, 1, 0, NULL),
	(1, 2394, 165, 1, 0, NULL),
	(1, 2395, 166, 1, 0, NULL),
	(1, 2396, 167, 1, 0, NULL),
	(1, 2397, 168, 1, 0, NULL),
	(1, 2398, 169, 1, 0, NULL),
	(1, 2399, 170, 1, 0, NULL),
	(1, 2400, 171, 1, 0, NULL),
	(1, 2401, 172, 1, 0, NULL),
	(1, 2402, 173, 1, 0, NULL),
	(1, 2403, 174, 1, 0, NULL),
	(1, 2404, 175, 1, 0, NULL),
	(1, 2405, 177, 1, 0, NULL),
	(1, 2406, 179, 1, 0, NULL),
	(1, 2407, 180, 1, 0, NULL),
	(1, 2408, 181, 1, 0, NULL),
	(1, 2409, 182, 1, 0, NULL),
	(1, 2410, 183, 1, 0, NULL),
	(1, 2411, 184, 1, 0, NULL),
	(1, 2412, 185, 1, 0, NULL),
	(1, 2413, 186, 1, 0, NULL),
	(1, 2414, 187, 1, 0, NULL),
	(1, 2415, 188, 1, 0, NULL),
	(1, 2416, 189, 1, 0, NULL),
	(1, 2417, 190, 1, 0, NULL),
	(1, 2418, 191, 1, 0, NULL),
	(1, 2419, 192, 1, 0, NULL),
	(1, 2420, 194, 1, 0, NULL),
	(1, 2421, 195, 1, 0, NULL),
	(1, 2422, 98, 1, 0, NULL),
	(1, 2423, 100, 1, 0, NULL),
	(1, 2424, 102, 1, 0, NULL),
	(1, 2425, 103, 1, 0, NULL),
	(1, 2426, 104, 1, 0, NULL),
	(1, 2427, 105, 1, 0, NULL),
	(1, 2428, 106, 1, 0, NULL),
	(1, 2429, 107, 1, 0, NULL),
	(1, 2430, 108, 1, 0, NULL),
	(1, 2431, 109, 1, 0, NULL),
	(1, 2432, 110, 1, 0, NULL),
	(1, 2433, 111, 1, 0, NULL),
	(1, 2434, 112, 1, 0, NULL),
	(1, 2435, 113, 1, 0, NULL),
	(1, 2436, 114, 1, 0, NULL),
	(1, 2437, 115, 1, 0, NULL),
	(1, 2438, 118, 1, 0, NULL),
	(1, 2439, 120, 1, 0, NULL),
	(1, 2440, 121, 1, 0, NULL),
	(1, 2442, 124, 1, 0, NULL),
	(1, 2443, 126, 1, 0, NULL),
	(1, 2444, 127, 1, 0, NULL),
	(1, 2445, 128, 1, 0, NULL),
	(1, 2446, 129, 1, 0, NULL),
	(1, 2447, 130, 1, 0, NULL),
	(1, 2448, 131, 1, 0, NULL),
	(1, 2449, 132, 1, 0, NULL),
	(1, 2450, 134, 1, 0, NULL),
	(1, 2451, 135, 1, 0, NULL),
	(1, 2452, 136, 1, 0, NULL),
	(1, 2453, 137, 1, 0, NULL),
	(1, 2454, 138, 1, 0, NULL),
	(1, 2455, 139, 1, 0, NULL),
	(1, 2456, 141, 1, 0, NULL),
	(1, 2457, 142, 1, 0, NULL),
	(1, 2458, 143, 1, 0, NULL),
	(1, 2459, 145, 1, 0, NULL),
	(1, 2460, 147, 1, 0, NULL),
	(1, 2461, 148, 1, 0, NULL),
	(1, 2462, 149, 1, 0, NULL),
	(1, 2463, 152, 1, 0, NULL),
	(1, 2464, 153, 1, 0, NULL),
	(1, 2465, 154, 1, 0, NULL),
	(1, 2466, 155, 1, 0, NULL),
	(1, 2467, 156, 1, 0, NULL),
	(1, 2468, 157, 1, 0, NULL),
	(1, 2469, 159, 1, 0, NULL),
	(1, 2470, 160, 1, 0, NULL),
	(1, 2471, 161, 1, 0, NULL),
	(1, 2472, 210, 1, 0, NULL),
	(1, 2473, 211, 1, 0, NULL),
	(1, 2474, 212, 1, 0, NULL),
	(1, 2475, 213, 1, 0, NULL),
	(1, 2476, 214, 1, 0, NULL),
	(1, 2477, 215, 1, 0, NULL),
	(1, 2478, 216, 1, 0, NULL),
	(1, 2479, 217, 1, 0, NULL),
	(1, 2480, 218, 1, 0, NULL),
	(1, 2481, 219, 1, 0, NULL),
	(1, 2482, 221, 1, 0, NULL),
	(1, 2483, 222, 1, 0, NULL),
	(1, 2484, 223, 1, 0, NULL),
	(1, 2485, 224, 1, 0, NULL),
	(1, 2486, 225, 1, 0, NULL),
	(1, 2487, 226, 1, 0, NULL),
	(1, 2488, 227, 1, 0, NULL),
	(1, 2489, 228, 1, 0, NULL),
	(1, 2490, 229, 1, 0, NULL),
	(1, 2491, 230, 1, 0, NULL),
	(1, 2492, 231, 1, 0, NULL),
	(1, 2493, 232, 1, 0, NULL),
	(1, 2494, 233, 1, 0, NULL),
	(1, 2495, 234, 1, 0, NULL),
	(1, 2496, 235, 1, 0, NULL),
	(1, 2497, 236, 1, 0, NULL),
	(1, 2498, 237, 1, 0, NULL),
	(1, 2499, 239, 1, 0, NULL),
	(1, 2500, 240, 1, 0, NULL),
	(1, 2501, 241, 1, 0, NULL),
	(1, 2502, 242, 1, 0, NULL),
	(1, 2503, 243, 1, 0, NULL),
	(1, 2504, 245, 1, 0, NULL),
	(1, 2505, 246, 1, 0, NULL),
	(1, 2506, 247, 1, 0, NULL),
	(1, 2507, 248, 1, 0, NULL),
	(1, 2508, 249, 1, 0, NULL),
	(1, 2509, 250, 1, 0, NULL),
	(1, 2510, 251, 1, 0, NULL),
	(1, 2511, 252, 1, 0, NULL),
	(1, 2512, 253, 1, 0, NULL),
	(1, 2513, 257, 1, 0, NULL),
	(1, 2514, 259, 1, 0, NULL),
	(1, 2515, 260, 1, 0, NULL),
	(1, 2516, 261, 1, 0, NULL),
	(1, 2517, 262, 1, 0, NULL),
	(1, 2518, 263, 1, 0, NULL),
	(1, 2519, 264, 1, 0, NULL),
	(1, 2520, 266, 1, 0, NULL),
	(1, 2521, 267, 1, 0, NULL),
	(1, 2522, 268, 1, 0, NULL),
	(1, 2523, 269, 1, 0, NULL),
	(1, 2524, 270, 1, 0, NULL),
	(1, 2525, 271, 1, 0, NULL),
	(1, 2526, 273, 1, 0, NULL),
	(1, 2527, 275, 1, 0, NULL),
	(1, 2528, 276, 1, 0, NULL),
	(1, 2529, 277, 1, 0, NULL),
	(1, 2530, 278, 1, 0, NULL),
	(1, 2531, 279, 1, 0, NULL),
	(1, 2532, 280, 1, 0, NULL),
	(1, 2533, 281, 1, 0, NULL),
	(1, 2534, 282, 1, 0, NULL),
	(1, 2535, 283, 1, 0, NULL),
	(1, 2536, 284, 1, 0, NULL),
	(1, 2537, 285, 1, 0, NULL),
	(1, 2538, 286, 1, 0, NULL),
	(1, 2542, 122, 1, 0, NULL),
	(1, 2543, 123, 1, 0, NULL),
	(1, 2544, 125, 1, 0, NULL),
	(2, 1858, 0, 1, 0, NULL),
	(2, 1859, 1, 1, 0, NULL),
	(2, 1860, 2, 1, 0, NULL),
	(2, 1861, 5, 1, 0, NULL),
	(2, 1862, 6, 1, 0, NULL),
	(2, 1863, 7, 1, 0, NULL),
	(2, 1864, 9, 1, 0, NULL),
	(2, 1865, 11, 1, 0, NULL),
	(2, 1866, 12, 1, 0, NULL),
	(2, 1867, 13, 1, 0, NULL),
	(2, 1868, 14, 1, 0, NULL),
	(2, 1869, 16, 1, 0, NULL),
	(2, 1870, 19, 1, 0, NULL),
	(2, 1871, 21, 1, 0, NULL),
	(2, 1872, 26, 1, 1, 53),
	(2, 1873, 29, 1, 0, NULL),
	(2, 1874, 31, 1, 0, NULL),
	(2, 1875, 34, 1, 0, NULL),
	(2, 1876, 37, 1, 0, NULL),
	(2, 1877, 41, 1, 0, NULL),
	(2, 1878, 45, 1, 1, 52),
	(2, 1879, 47, 1, 0, NULL),
	(2, 1880, 50, 1, 0, NULL),
	(2, 1881, 53, 1, 0, NULL),
	(2, 1882, 56, 1, 0, NULL),
	(2, 1883, 60, 1, 0, NULL),
	(2, 1884, 63, 1, 0, NULL),
	(2, 1885, 68, 1, 0, NULL),
	(2, 1886, 72, 1, 1, 50),
	(2, 1887, 75, 1, 0, NULL),
	(2, 1888, 78, 1, 0, NULL),
	(2, 1889, 81, 1, 0, NULL),
	(2, 1890, 83, 1, 0, NULL),
	(2, 1891, 84, 1, 1, 49),
	(2, 1892, 85, 1, 0, NULL),
	(2, 1893, 87, 1, 0, NULL),
	(2, 1894, 89, 1, 0, NULL),
	(2, 1895, 91, 1, 0, NULL),
	(2, 1896, 93, 1, 0, NULL),
	(2, 1897, 94, 1, 0, NULL),
	(2, 1898, 98, 1, 0, NULL),
	(2, 1899, 100, 1, 0, NULL),
	(2, 1900, 102, 1, 0, NULL),
	(2, 1901, 105, 1, 0, NULL),
	(2, 1902, 107, 1, 0, NULL),
	(2, 1903, 109, 1, 0, NULL),
	(2, 1904, 110, 1, 0, NULL),
	(2, 1905, 111, 1, 0, NULL),
	(2, 1906, 112, 1, 0, NULL),
	(2, 1907, 114, 1, 0, NULL),
	(2, 1908, 115, 1, 0, NULL),
	(2, 1912, 129, 1, 1, 48),
	(2, 1916, 141, 1, 1, 47),
	(2, 1919, 153, 1, 1, NULL),
	(2, 1920, 154, 1, 1, NULL),
	(2, 1921, 155, 1, 0, NULL),
	(2, 1922, 157, 1, 1, NULL),
	(2, 1923, 158, 1, 1, NULL),
	(2, 1924, 160, 1, 0, NULL),
	(2, 1925, 161, 1, 0, NULL),
	(2, 1926, 163, 1, 0, NULL),
	(2, 1927, 165, 1, 0, NULL),
	(2, 1928, 168, 1, 0, NULL),
	(2, 1929, 170, 1, 0, NULL),
	(2, 1930, 172, 1, 0, NULL),
	(2, 1931, 175, 1, 0, NULL),
	(2, 1932, 176, 1, 0, NULL),
	(2, 1933, 178, 1, 0, NULL),
	(2, 1934, 180, 1, 0, NULL),
	(2, 1935, 183, 1, 0, NULL),
	(2, 1936, 186, 1, 0, NULL),
	(2, 1937, 190, 1, 0, NULL),
	(2, 1938, 192, 1, 0, NULL),
	(2, 1939, 195, 1, 0, NULL),
	(2, 1940, 197, 1, 0, NULL),
	(2, 1941, 200, 1, 0, NULL),
	(2, 1942, 202, 1, 0, NULL),
	(2, 1943, 206, 1, 0, NULL),
	(2, 1944, 208, 1, 0, NULL),
	(2, 1945, 212, 1, 0, NULL),
	(2, 1946, 216, 1, 0, NULL),
	(2, 1947, 219, 1, 0, NULL),
	(2, 1948, 222, 1, 0, NULL),
	(2, 1949, 225, 1, 0, NULL),
	(2, 1950, 228, 1, 0, NULL),
	(2, 1951, 231, 1, 0, NULL),
	(2, 1952, 232, 1, 0, NULL),
	(2, 1953, 233, 1, 0, NULL),
	(2, 1954, 234, 1, 1, 44),
	(2, 1955, 236, 1, 0, NULL),
	(2, 1956, 237, 1, 0, NULL),
	(2, 1957, 239, 1, 0, NULL),
	(2, 1958, 241, 1, 0, NULL),
	(2, 1959, 242, 1, 0, NULL),
	(2, 1960, 243, 1, 0, NULL),
	(2, 1961, 244, 1, 0, NULL),
	(2, 1962, 249, 1, 0, NULL),
	(2, 1963, 251, 1, 0, NULL),
	(2, 1964, 254, 1, 0, NULL),
	(2, 1965, 256, 1, 0, NULL),
	(2, 1966, 257, 1, 0, NULL),
	(2, 1967, 258, 1, 0, NULL),
	(2, 1968, 260, 1, 0, NULL),
	(2, 1969, 191, 1, 0, NULL),
	(2, 1970, 193, 1, 0, NULL),
	(2, 1971, 194, 1, 0, NULL),
	(2, 1972, 196, 1, 0, NULL),
	(2, 1973, 198, 1, 0, NULL),
	(2, 1974, 199, 1, 0, NULL),
	(2, 1975, 201, 1, 0, NULL),
	(2, 1976, 203, 1, 0, NULL),
	(2, 1977, 204, 1, 0, NULL),
	(2, 1978, 205, 1, 0, NULL),
	(2, 1979, 207, 1, 0, NULL),
	(2, 1980, 209, 1, 0, NULL),
	(2, 1981, 210, 1, 0, NULL),
	(2, 1982, 211, 1, 0, NULL),
	(2, 1983, 213, 1, 0, NULL),
	(2, 1984, 214, 1, 0, NULL),
	(2, 1985, 215, 1, 0, NULL),
	(2, 1986, 217, 1, 0, NULL),
	(2, 1987, 218, 1, 0, NULL),
	(2, 1988, 220, 1, 0, NULL),
	(2, 1989, 221, 1, 0, NULL),
	(2, 1990, 223, 1, 0, NULL),
	(2, 1991, 224, 1, 0, NULL),
	(2, 1992, 226, 1, 0, NULL),
	(2, 1993, 227, 1, 0, NULL),
	(2, 1994, 229, 1, 0, NULL),
	(2, 1995, 230, 1, 0, NULL),
	(2, 1996, 235, 1, 0, NULL),
	(2, 1997, 238, 1, 0, NULL),
	(2, 1998, 240, 1, 0, NULL),
	(2, 1999, 245, 1, 0, NULL),
	(2, 2000, 246, 1, 0, NULL),
	(2, 2001, 247, 1, 0, NULL),
	(2, 2002, 248, 1, 0, NULL),
	(2, 2003, 250, 1, 0, NULL),
	(2, 2004, 252, 1, 0, NULL),
	(2, 2005, 253, 1, 0, NULL),
	(2, 2006, 255, 1, 0, NULL),
	(2, 2007, 259, 1, 0, NULL),
	(2, 2008, 3, 1, 0, NULL),
	(2, 2009, 4, 1, 0, NULL),
	(2, 2010, 8, 1, 0, NULL),
	(2, 2011, 10, 1, 0, NULL),
	(2, 2012, 15, 1, 0, NULL),
	(2, 2013, 17, 1, 0, NULL),
	(2, 2014, 18, 1, 0, NULL),
	(2, 2015, 20, 1, 0, NULL),
	(2, 2016, 22, 1, 0, NULL),
	(2, 2017, 23, 1, 0, NULL),
	(2, 2018, 24, 1, 0, NULL),
	(2, 2019, 25, 1, 0, NULL),
	(2, 2020, 27, 1, 0, NULL),
	(2, 2021, 28, 1, 0, NULL),
	(2, 2022, 30, 1, 0, NULL),
	(2, 2023, 32, 1, 0, NULL),
	(2, 2024, 33, 1, 0, NULL),
	(2, 2025, 35, 1, 0, NULL),
	(2, 2026, 36, 1, 0, NULL),
	(2, 2027, 38, 1, 0, NULL),
	(2, 2028, 39, 1, 1, 54),
	(2, 2029, 40, 1, 0, NULL),
	(2, 2030, 42, 1, 0, NULL),
	(2, 2031, 43, 1, 0, NULL),
	(2, 2032, 44, 1, 0, NULL),
	(2, 2033, 46, 1, 0, NULL),
	(2, 2034, 48, 1, 0, NULL),
	(2, 2035, 49, 1, 0, NULL),
	(2, 2036, 51, 1, 0, NULL),
	(2, 2037, 52, 1, 0, NULL),
	(2, 2038, 54, 1, 0, NULL),
	(2, 2039, 55, 1, 0, NULL),
	(2, 2040, 57, 1, 0, NULL),
	(2, 2041, 58, 1, 0, NULL),
	(2, 2042, 59, 1, 0, NULL),
	(2, 2043, 61, 1, 0, NULL),
	(2, 2044, 62, 1, 0, NULL),
	(2, 2045, 64, 1, 0, NULL),
	(2, 2046, 65, 1, 0, NULL),
	(2, 2047, 66, 1, 1, 51),
	(2, 2048, 67, 1, 0, NULL),
	(2, 2049, 69, 1, 0, NULL),
	(2, 2050, 70, 1, 0, NULL),
	(2, 2051, 71, 1, 0, NULL),
	(2, 2052, 73, 1, 0, NULL),
	(2, 2053, 74, 1, 0, NULL),
	(2, 2054, 76, 1, 0, NULL),
	(2, 2055, 77, 1, 0, NULL),
	(2, 2056, 79, 1, 0, NULL),
	(2, 2057, 82, 1, 0, NULL),
	(2, 2058, 86, 1, 0, NULL),
	(2, 2059, 88, 1, 0, NULL),
	(2, 2060, 90, 1, 0, NULL),
	(2, 2061, 92, 1, 0, NULL),
	(2, 2062, 95, 1, 0, NULL),
	(2, 2063, 96, 1, 0, NULL),
	(2, 2064, 97, 1, 0, NULL),
	(2, 2065, 99, 1, 0, NULL),
	(2, 2066, 101, 1, 0, NULL),
	(2, 2067, 103, 1, 0, NULL),
	(2, 2068, 104, 1, 0, NULL),
	(2, 2069, 106, 1, 0, NULL),
	(2, 2070, 108, 1, 0, NULL),
	(2, 2071, 113, 1, 0, NULL),
	(2, 2072, 116, 1, 0, NULL),
	(2, 2075, 120, 1, 0, NULL),
	(2, 2091, 142, 1, 0, NULL),
	(2, 2094, 156, 1, 0, NULL),
	(2, 2095, 159, 1, 1, NULL),
	(2, 2096, 162, 1, 0, NULL),
	(2, 2097, 164, 1, 0, NULL),
	(2, 2098, 166, 1, 0, NULL),
	(2, 2099, 167, 1, 0, NULL),
	(2, 2100, 169, 1, 0, NULL),
	(2, 2101, 171, 1, 0, NULL),
	(2, 2102, 173, 1, 0, NULL),
	(2, 2103, 174, 1, 0, NULL),
	(2, 2104, 177, 1, 0, NULL),
	(2, 2105, 179, 1, 0, NULL),
	(2, 2106, 181, 1, 0, NULL),
	(2, 2107, 182, 1, 0, NULL),
	(2, 2108, 184, 1, 0, NULL),
	(2, 2109, 185, 1, 1, 45),
	(2, 2110, 187, 1, 1, NULL),
	(2, 2111, 188, 1, 0, NULL),
	(2, 2112, 189, 1, 0, NULL),
	(2, 2340, 117, 1, 0, NULL),
	(2, 2341, 118, 1, 0, NULL),
	(2, 2342, 119, 1, 0, NULL),
	(2, 2343, 121, 1, 0, NULL),
	(2, 2344, 122, 1, 0, NULL),
	(2, 2345, 123, 1, 0, NULL),
	(2, 2346, 124, 1, 0, NULL),
	(2, 2347, 125, 1, 0, NULL),
	(2, 2348, 126, 1, 0, NULL),
	(2, 2349, 127, 1, 0, NULL),
	(2, 2350, 128, 1, 0, NULL),
	(2, 2351, 130, 1, 0, NULL),
	(2, 2352, 131, 1, 0, NULL),
	(2, 2353, 132, 1, 0, NULL),
	(2, 2354, 133, 1, 0, NULL),
	(2, 2355, 134, 1, 0, NULL),
	(2, 2356, 135, 1, 0, NULL),
	(2, 2357, 136, 1, 0, NULL),
	(2, 2358, 137, 1, 0, NULL),
	(2, 2359, 138, 1, 0, NULL),
	(2, 2360, 139, 1, 0, NULL),
	(2, 2361, 140, 1, 0, NULL),
	(2, 2363, 143, 1, 0, NULL),
	(2, 2364, 144, 1, 0, NULL),
	(2, 2365, 145, 1, 0, NULL),
	(2, 2366, 146, 1, 0, NULL),
	(2, 2367, 147, 1, 0, NULL),
	(2, 2368, 148, 1, 0, NULL),
	(2, 2369, 149, 1, 0, NULL),
	(2, 2370, 150, 1, 0, NULL),
	(2, 2371, 151, 1, 0, NULL),
	(2, 2372, 152, 1, 0, NULL),
	(2, 2541, 80, 1, 0, NULL),
	(4, 1319, 0, 1, 0, NULL),
	(4, 1320, 2, 1, 0, NULL),
	(4, 1321, 3, 1, 0, NULL),
	(4, 1322, 6, 1, 0, NULL),
	(4, 1323, 10, 1, 0, NULL),
	(4, 1324, 14, 1, 0, NULL),
	(4, 1325, 18, 1, 0, NULL),
	(4, 1326, 22, 1, 0, NULL),
	(4, 1327, 23, 1, 0, NULL),
	(4, 1328, 29, 1, 1, 44),
	(4, 1329, 35, 1, 0, NULL),
	(4, 1330, 39, 1, 0, NULL),
	(4, 1331, 43, 1, 0, NULL),
	(4, 1332, 46, 1, 0, NULL),
	(4, 1333, 51, 1, 0, NULL),
	(4, 1334, 56, 1, 0, NULL),
	(4, 1335, 58, 1, 0, NULL),
	(4, 1336, 59, 1, 0, NULL),
	(4, 1337, 62, 1, 0, NULL),
	(4, 1338, 65, 1, 0, NULL),
	(4, 1339, 67, 1, 0, NULL),
	(4, 1340, 70, 1, 0, NULL),
	(4, 1341, 72, 1, 0, NULL),
	(4, 1342, 74, 1, 0, NULL),
	(4, 1343, 81, 1, 0, NULL),
	(4, 1344, 86, 1, 0, NULL),
	(4, 1345, 89, 1, 0, NULL),
	(4, 1346, 90, 1, 0, NULL),
	(4, 1347, 94, 1, 0, NULL),
	(4, 1348, 95, 1, 0, NULL),
	(4, 1349, 98, 1, 0, NULL),
	(4, 1350, 99, 1, 0, NULL),
	(4, 1351, 101, 1, 0, NULL),
	(4, 1352, 103, 1, 1, 28),
	(4, 1353, 105, 1, 1, 27),
	(4, 1354, 107, 1, 0, NULL),
	(4, 1355, 108, 1, 0, NULL),
	(4, 1356, 110, 1, 0, NULL),
	(4, 1357, 112, 1, 0, NULL),
	(4, 1358, 117, 1, 1, 26),
	(4, 1359, 119, 1, 0, NULL),
	(4, 1360, 121, 1, 0, NULL),
	(4, 1361, 123, 1, 0, NULL),
	(4, 1362, 125, 1, 1, 25),
	(4, 1363, 126, 1, 0, NULL),
	(4, 1364, 127, 1, 0, NULL),
	(4, 1365, 129, 1, 0, NULL),
	(4, 1366, 131, 1, 0, NULL),
	(4, 1367, 132, 1, 0, NULL),
	(4, 1368, 135, 1, 1, 19),
	(4, 1369, 136, 1, 0, NULL),
	(4, 1370, 137, 1, 0, NULL),
	(4, 1371, 138, 1, 1, 18),
	(4, 1372, 139, 1, 0, NULL),
	(4, 1373, 140, 1, 0, NULL),
	(4, 1374, 141, 1, 0, NULL),
	(4, 1375, 142, 1, 0, NULL),
	(4, 1376, 143, 1, 0, NULL),
	(4, 1377, 144, 1, 0, NULL),
	(4, 1378, 146, 1, 0, NULL),
	(4, 1379, 147, 1, 0, NULL),
	(4, 1380, 149, 1, 0, NULL),
	(4, 1381, 151, 1, 0, NULL),
	(4, 1382, 152, 1, 1, 17),
	(4, 1383, 154, 1, 0, NULL),
	(4, 1384, 157, 1, 1, 16),
	(4, 1385, 159, 1, 0, NULL),
	(4, 1386, 162, 1, 0, NULL),
	(4, 1387, 164, 1, 0, NULL),
	(4, 1388, 165, 1, 0, NULL),
	(4, 1389, 167, 1, 1, 15),
	(4, 1390, 170, 1, 0, NULL),
	(4, 1391, 171, 1, 0, NULL),
	(4, 1392, 172, 1, 0, NULL),
	(4, 1393, 173, 1, 1, 49),
	(4, 1394, 174, 1, 0, NULL),
	(4, 1395, 175, 1, 1, NULL),
	(4, 1396, 177, 1, 0, NULL),
	(4, 1397, 178, 1, 0, NULL),
	(4, 1398, 181, 1, 1, 41),
	(4, 1399, 184, 1, 0, NULL),
	(4, 1400, 185, 1, 0, NULL),
	(4, 1401, 186, 1, 0, NULL),
	(4, 1402, 188, 1, 0, NULL),
	(4, 1403, 189, 1, 1, 38),
	(4, 1404, 190, 1, 0, NULL),
	(4, 1405, 194, 1, 0, NULL),
	(4, 1406, 196, 1, 0, NULL),
	(4, 1407, 198, 1, 0, NULL),
	(4, 1408, 200, 1, 0, NULL),
	(4, 1409, 202, 1, 0, NULL),
	(4, 1410, 204, 1, 0, NULL),
	(4, 1411, 206, 1, 0, NULL),
	(4, 1412, 208, 1, 0, NULL),
	(4, 1413, 209, 1, 0, NULL),
	(4, 1414, 211, 1, 0, NULL),
	(4, 1415, 213, 1, 0, NULL),
	(4, 1416, 215, 1, 0, NULL),
	(4, 1417, 217, 1, 0, NULL),
	(4, 1418, 219, 1, 0, NULL),
	(4, 1419, 221, 1, 0, NULL),
	(4, 1420, 222, 1, 1, 33),
	(4, 1421, 224, 1, 0, NULL),
	(4, 1422, 226, 1, 0, NULL),
	(4, 1423, 228, 1, 0, NULL),
	(4, 1424, 231, 1, 0, NULL),
	(4, 1425, 233, 1, 0, NULL),
	(4, 1426, 235, 1, 0, NULL),
	(4, 1427, 236, 1, 0, NULL),
	(4, 1428, 238, 1, 1, 12),
	(4, 1429, 240, 1, 0, NULL),
	(4, 1430, 242, 1, 0, NULL),
	(4, 1431, 245, 1, 0, NULL),
	(4, 1432, 247, 1, 0, NULL),
	(4, 1433, 248, 1, 0, NULL),
	(4, 1434, 250, 1, 0, NULL),
	(4, 1435, 251, 1, 0, NULL),
	(4, 1436, 252, 1, 0, NULL),
	(4, 1437, 255, 1, 0, NULL),
	(4, 1438, 256, 1, 0, NULL),
	(4, 1439, 257, 1, 0, NULL),
	(4, 1440, 259, 1, 0, NULL),
	(4, 1441, 261, 1, 0, NULL),
	(4, 1442, 262, 1, 0, NULL),
	(4, 1443, 263, 1, 0, NULL),
	(4, 1553, 1, 1, 0, NULL),
	(4, 1554, 4, 1, 0, NULL),
	(4, 1555, 5, 1, 0, NULL),
	(4, 1556, 7, 1, 0, NULL),
	(4, 1557, 8, 1, 0, NULL),
	(4, 1558, 9, 1, 0, NULL),
	(4, 1559, 11, 1, 0, NULL),
	(4, 1560, 12, 1, 0, NULL),
	(4, 1561, 13, 1, 0, NULL),
	(4, 1562, 15, 1, 0, NULL),
	(4, 1563, 16, 1, 0, NULL),
	(4, 1564, 17, 1, 0, NULL),
	(4, 1565, 19, 1, 0, NULL),
	(4, 1566, 20, 1, 0, NULL),
	(4, 1567, 25, 1, 0, NULL),
	(4, 1568, 27, 1, 0, NULL),
	(4, 1569, 28, 1, 0, NULL),
	(4, 1570, 30, 1, 0, NULL),
	(4, 1571, 34, 1, 0, NULL),
	(4, 1572, 36, 1, 0, NULL),
	(4, 1573, 37, 1, 0, NULL),
	(4, 1574, 38, 1, 0, NULL),
	(4, 1575, 40, 1, 0, NULL),
	(4, 1576, 41, 1, 0, NULL),
	(4, 1577, 42, 1, 0, NULL),
	(4, 1578, 44, 1, 0, NULL),
	(4, 1579, 45, 1, 0, NULL),
	(4, 1580, 47, 1, 0, NULL),
	(4, 1581, 48, 1, 0, NULL),
	(4, 1582, 49, 1, 0, NULL),
	(4, 1583, 50, 1, 0, NULL),
	(4, 1584, 52, 1, 0, NULL),
	(4, 1585, 53, 1, 0, NULL),
	(4, 1586, 54, 1, 0, NULL),
	(4, 1587, 55, 1, 0, NULL),
	(4, 1588, 57, 1, 0, NULL),
	(4, 1589, 60, 1, 0, NULL),
	(4, 1590, 61, 1, 0, NULL),
	(4, 1591, 63, 1, 0, NULL),
	(4, 1592, 64, 1, 0, NULL),
	(4, 1594, 66, 1, 0, NULL),
	(4, 1595, 68, 1, 0, NULL),
	(4, 1596, 69, 1, 0, NULL),
	(4, 1597, 71, 1, 0, NULL),
	(4, 1598, 73, 1, 0, NULL),
	(4, 1599, 75, 1, 0, NULL),
	(4, 1600, 76, 1, 0, NULL),
	(4, 1601, 77, 1, 0, NULL),
	(4, 1602, 78, 1, 0, NULL),
	(4, 1603, 79, 1, 0, NULL),
	(4, 1604, 80, 1, 0, NULL),
	(4, 1605, 82, 1, 0, NULL),
	(4, 1606, 83, 1, 0, NULL),
	(4, 1607, 84, 1, 0, NULL),
	(4, 1608, 85, 1, 0, NULL),
	(4, 1609, 87, 1, 0, NULL),
	(4, 1610, 88, 1, 0, NULL),
	(4, 1611, 91, 1, 0, NULL),
	(4, 1612, 92, 1, 0, NULL),
	(4, 1613, 93, 1, 0, NULL),
	(4, 1614, 96, 1, 0, NULL),
	(4, 1615, 97, 1, 0, NULL),
	(4, 1616, 100, 1, 0, NULL),
	(4, 1617, 102, 1, 0, NULL),
	(4, 1618, 104, 1, 0, NULL),
	(4, 1619, 106, 1, 0, NULL),
	(4, 1620, 109, 1, 0, NULL),
	(4, 1621, 111, 1, 0, NULL),
	(4, 1622, 113, 1, 0, NULL),
	(4, 1623, 114, 1, 0, NULL),
	(4, 1624, 115, 1, 0, NULL),
	(4, 1625, 116, 1, 0, NULL),
	(4, 1626, 118, 1, 0, NULL),
	(4, 1627, 120, 1, 0, NULL),
	(4, 1628, 122, 1, 0, NULL),
	(4, 1629, 124, 1, 0, NULL),
	(4, 1630, 128, 1, 0, NULL),
	(4, 1631, 130, 1, 0, NULL),
	(4, 1632, 133, 1, 0, NULL),
	(4, 1633, 134, 1, 0, NULL),
	(4, 1634, 145, 1, 0, NULL),
	(4, 1635, 148, 1, 0, NULL),
	(4, 1636, 150, 1, 0, NULL),
	(4, 1637, 153, 1, 0, NULL),
	(4, 1638, 155, 1, 0, NULL),
	(4, 1639, 156, 1, 0, NULL),
	(4, 1640, 158, 1, 0, NULL),
	(4, 1641, 160, 1, 0, NULL),
	(4, 1642, 161, 1, 0, NULL),
	(4, 1643, 163, 1, 0, NULL),
	(4, 1644, 166, 1, 0, NULL),
	(4, 1645, 168, 1, 0, NULL),
	(4, 1646, 169, 1, 0, NULL),
	(4, 1647, 179, 1, 0, NULL),
	(4, 1648, 180, 1, 0, NULL),
	(4, 1649, 182, 1, 0, NULL),
	(4, 1650, 183, 1, 1, 40),
	(4, 1651, 187, 1, 0, NULL),
	(4, 1652, 191, 1, 0, NULL),
	(4, 1653, 192, 1, 0, NULL),
	(4, 1654, 193, 1, 0, NULL),
	(4, 1655, 195, 1, 0, NULL),
	(4, 1656, 197, 1, 0, NULL),
	(4, 1657, 199, 1, 0, NULL),
	(4, 1658, 201, 1, 0, NULL),
	(4, 1659, 203, 1, 0, NULL),
	(4, 1660, 205, 1, 0, NULL),
	(4, 1661, 207, 1, 0, NULL),
	(4, 1662, 210, 1, 0, NULL),
	(4, 1663, 212, 1, 0, NULL),
	(4, 1664, 214, 1, 0, NULL),
	(4, 1665, 216, 1, 0, NULL),
	(4, 1666, 218, 1, 0, NULL),
	(4, 1667, 220, 1, 0, NULL),
	(4, 1668, 223, 1, 0, NULL),
	(4, 1669, 225, 1, 0, NULL),
	(4, 1670, 227, 1, 0, NULL),
	(4, 1671, 229, 1, 0, NULL),
	(4, 1672, 230, 1, 0, NULL),
	(4, 1673, 232, 1, 0, NULL),
	(4, 1674, 234, 1, 0, NULL),
	(4, 1675, 237, 1, 0, NULL),
	(4, 1676, 239, 1, 0, NULL),
	(4, 1677, 241, 1, 0, NULL),
	(4, 1678, 243, 1, 0, NULL),
	(4, 1679, 244, 1, 0, NULL),
	(4, 1680, 246, 1, 0, NULL),
	(4, 1681, 249, 1, 0, NULL),
	(4, 1682, 253, 1, 0, NULL),
	(4, 1683, 254, 1, 0, NULL),
	(4, 1684, 258, 1, 0, NULL),
	(4, 1685, 260, 1, 0, NULL),
	(4, 1686, 21, 1, 0, NULL),
	(4, 1687, 24, 1, 0, NULL),
	(4, 1688, 26, 1, 0, NULL),
	(4, 1854, 31, 1, 0, NULL),
	(4, 1855, 32, 1, 0, NULL),
	(4, 1856, 33, 1, 0, NULL),
	(4, 1857, 176, 1, 0, NULL),
	(5, 833, 0, 1, 0, NULL),
	(5, 839, 8, 1, 0, NULL),
	(5, 840, 9, 1, 0, NULL),
	(5, 841, 10, 1, 0, NULL),
	(5, 842, 13, 1, 0, NULL),
	(5, 843, 16, 1, 1, 53),
	(5, 844, 17, 1, 1, 12),
	(5, 845, 18, 1, 0, NULL),
	(5, 846, 19, 1, 0, NULL),
	(5, 847, 20, 1, 0, NULL),
	(5, 848, 21, 1, 0, NULL),
	(5, 849, 23, 1, 1, 33),
	(5, 850, 24, 1, 0, NULL),
	(5, 851, 26, 1, 0, NULL),
	(5, 852, 29, 1, 0, NULL),
	(5, 853, 30, 1, 0, NULL),
	(5, 854, 31, 1, 0, NULL),
	(5, 855, 32, 1, 0, NULL),
	(5, 856, 36, 1, 0, NULL),
	(5, 857, 39, 1, 0, NULL),
	(5, 858, 41, 1, 0, NULL),
	(5, 859, 43, 1, 0, NULL),
	(5, 860, 45, 1, 0, NULL),
	(5, 861, 46, 1, 0, NULL),
	(5, 862, 48, 1, 0, NULL),
	(5, 863, 52, 1, 0, NULL),
	(5, 864, 56, 1, 1, 6),
	(5, 865, 58, 1, 0, NULL),
	(5, 866, 60, 1, 0, NULL),
	(5, 867, 67, 1, 0, NULL),
	(5, 868, 68, 1, 0, NULL),
	(5, 869, 71, 1, 0, NULL),
	(5, 870, 74, 1, 0, NULL),
	(5, 871, 77, 1, 0, NULL),
	(5, 872, 80, 1, 0, NULL),
	(5, 873, 82, 1, 0, NULL),
	(5, 874, 84, 1, 0, NULL),
	(5, 875, 85, 1, 0, NULL),
	(5, 876, 86, 1, 0, NULL),
	(5, 877, 88, 1, 0, NULL),
	(5, 878, 89, 1, 0, NULL),
	(5, 879, 92, 1, 0, NULL),
	(5, 880, 94, 1, 0, NULL),
	(5, 881, 95, 1, 0, NULL),
	(5, 882, 97, 1, 0, NULL),
	(5, 883, 99, 1, 0, NULL),
	(5, 884, 100, 1, 0, NULL),
	(5, 885, 102, 1, 1, NULL),
	(5, 886, 105, 1, 0, NULL),
	(5, 887, 107, 1, 0, NULL),
	(5, 888, 109, 1, 0, NULL),
	(5, 889, 115, 1, 1, 48),
	(5, 890, 118, 1, 1, 16),
	(5, 891, 123, 1, 1, 35),
	(5, 892, 125, 1, 0, NULL),
	(5, 893, 127, 1, 0, NULL),
	(5, 894, 128, 1, 0, NULL),
	(5, 896, 143, 1, 0, NULL),
	(5, 897, 147, 1, 0, NULL),
	(5, 898, 158, 1, 0, NULL),
	(5, 899, 165, 1, 0, NULL),
	(5, 900, 172, 1, 0, NULL),
	(5, 901, 175, 1, 0, NULL),
	(5, 902, 182, 1, 0, NULL),
	(5, 903, 189, 1, 0, NULL),
	(5, 904, 200, 1, 0, NULL),
	(5, 905, 205, 1, 0, NULL),
	(5, 906, 206, 1, 0, NULL),
	(5, 1024, 11, 1, 0, NULL),
	(5, 1025, 12, 1, 0, NULL),
	(5, 1026, 14, 1, 0, NULL),
	(5, 1027, 15, 1, 0, NULL),
	(5, 1028, 22, 1, 0, NULL),
	(5, 1029, 25, 1, 0, NULL),
	(5, 1030, 27, 1, 0, NULL),
	(5, 1031, 28, 1, 0, NULL),
	(5, 1032, 33, 1, 0, NULL),
	(5, 1033, 34, 1, 0, NULL),
	(5, 1034, 35, 1, 0, NULL),
	(5, 1035, 37, 1, 0, NULL),
	(5, 1036, 38, 1, 0, NULL),
	(5, 1037, 40, 1, 0, NULL),
	(5, 1038, 42, 1, 0, NULL),
	(5, 1039, 44, 1, 0, NULL),
	(5, 1040, 47, 1, 0, NULL),
	(5, 1041, 49, 1, 0, NULL),
	(5, 1042, 50, 1, 0, NULL),
	(5, 1043, 51, 1, 0, NULL),
	(5, 1044, 57, 1, 0, NULL),
	(5, 1045, 61, 1, 0, NULL),
	(5, 1046, 62, 1, 0, NULL),
	(5, 1047, 63, 1, 0, NULL),
	(5, 1048, 64, 1, 0, NULL),
	(5, 1049, 65, 1, 0, NULL),
	(5, 1050, 66, 1, 0, NULL),
	(5, 1051, 69, 1, 0, NULL),
	(5, 1052, 70, 1, 0, NULL),
	(5, 1053, 72, 1, 0, NULL),
	(5, 1054, 73, 1, 0, NULL),
	(5, 1055, 75, 1, 0, NULL),
	(5, 1056, 76, 1, 0, NULL),
	(5, 1057, 78, 1, 0, NULL),
	(5, 1058, 79, 1, 0, NULL),
	(5, 1059, 81, 1, 0, NULL),
	(5, 1060, 83, 1, 0, NULL),
	(5, 1061, 87, 1, 1, 37),
	(5, 1062, 90, 1, 0, NULL),
	(5, 1063, 91, 1, 0, NULL),
	(5, 1064, 93, 1, 0, NULL),
	(5, 1065, 96, 1, 0, NULL),
	(5, 1066, 98, 1, 1, 40),
	(5, 1067, 101, 1, 0, NULL),
	(5, 1068, 103, 1, 0, NULL),
	(5, 1069, 104, 1, 0, NULL),
	(5, 1070, 106, 1, 1, 49),
	(5, 1071, 108, 1, 0, NULL),
	(5, 1072, 110, 1, 0, NULL),
	(5, 1073, 111, 1, 1, 15),
	(5, 1074, 112, 1, 0, NULL),
	(5, 1075, 113, 1, 0, NULL),
	(5, 1076, 114, 1, 0, NULL),
	(5, 1077, 117, 1, 0, NULL),
	(5, 1078, 121, 1, 1, 17),
	(5, 1079, 124, 1, 0, NULL),
	(5, 1080, 126, 1, 0, NULL),
	(5, 1081, 129, 1, 1, 47),
	(5, 1082, 131, 1, 0, NULL),
	(5, 1083, 139, 1, 1, NULL),
	(5, 1084, 141, 1, 0, NULL),
	(5, 1086, 146, 1, 0, NULL),
	(5, 1087, 151, 1, 0, NULL),
	(5, 1088, 152, 1, 0, NULL),
	(5, 1089, 154, 1, 1, 45),
	(5, 1090, 155, 1, 0, NULL),
	(5, 1091, 157, 1, 0, NULL),
	(5, 1092, 159, 1, 0, NULL),
	(5, 1093, 161, 1, 0, NULL),
	(5, 1094, 162, 1, 0, NULL),
	(5, 1095, 164, 1, 0, NULL),
	(5, 1097, 168, 1, 0, NULL),
	(5, 1098, 170, 1, 0, NULL),
	(5, 1099, 173, 1, 0, NULL),
	(5, 1100, 177, 1, 0, NULL),
	(5, 1101, 178, 1, 0, NULL),
	(5, 1102, 194, 1, 0, NULL),
	(5, 1103, 196, 1, 0, NULL),
	(5, 1104, 198, 1, 0, NULL),
	(5, 1105, 199, 1, 0, NULL),
	(5, 1106, 203, 1, 0, NULL),
	(5, 1107, 207, 1, 0, NULL),
	(5, 1108, 208, 1, 1, 44),
	(5, 1109, 210, 1, 0, NULL),
	(5, 1110, 212, 1, 0, NULL),
	(5, 1111, 213, 1, 0, NULL),
	(5, 1112, 215, 1, 0, NULL),
	(5, 1113, 216, 1, 0, NULL),
	(5, 1114, 217, 1, 0, NULL),
	(5, 1115, 218, 1, 0, NULL),
	(5, 1116, 219, 1, 0, NULL),
	(5, 1117, 220, 1, 0, NULL),
	(5, 1118, 222, 1, 0, NULL),
	(5, 1119, 223, 1, 0, NULL),
	(5, 1120, 225, 1, 0, NULL),
	(5, 1121, 227, 1, 0, NULL),
	(5, 1122, 228, 1, 0, NULL),
	(5, 1123, 230, 1, 0, NULL),
	(5, 1124, 232, 1, 0, NULL),
	(5, 1125, 233, 1, 0, NULL),
	(5, 1126, 235, 1, 0, NULL),
	(5, 1127, 236, 1, 0, NULL),
	(5, 1128, 238, 1, 0, NULL),
	(5, 1689, 116, 1, 0, NULL),
	(5, 1690, 119, 1, 0, NULL),
	(5, 1691, 120, 1, 0, NULL),
	(5, 1692, 122, 1, 0, NULL),
	(5, 1693, 130, 1, 0, NULL),
	(5, 1694, 132, 1, 0, NULL),
	(5, 1695, 135, 1, 0, NULL),
	(5, 1696, 136, 1, 0, NULL),
	(5, 1697, 137, 1, 0, NULL),
	(5, 1698, 138, 1, 0, NULL),
	(5, 1699, 140, 1, 0, NULL),
	(5, 1700, 142, 1, 0, NULL),
	(5, 1701, 144, 1, 0, NULL),
	(5, 1702, 145, 1, 0, NULL),
	(5, 1703, 148, 1, 0, NULL),
	(5, 1704, 149, 1, 0, NULL),
	(5, 1705, 150, 1, 0, NULL),
	(5, 1706, 153, 1, 0, NULL),
	(5, 1707, 156, 1, 0, NULL),
	(5, 1708, 160, 1, 0, NULL),
	(5, 1709, 163, 1, 0, NULL),
	(5, 1710, 167, 1, 0, NULL),
	(5, 1711, 169, 1, 0, NULL),
	(5, 1712, 171, 1, 0, NULL),
	(5, 1713, 174, 1, 0, NULL),
	(5, 1714, 176, 1, 0, NULL),
	(5, 1715, 179, 1, 0, NULL),
	(5, 1716, 180, 1, 0, NULL),
	(5, 1717, 181, 1, 0, NULL),
	(5, 1718, 183, 1, 0, NULL),
	(5, 1719, 184, 1, 0, NULL),
	(5, 1720, 185, 1, 0, NULL),
	(5, 1721, 186, 1, 0, NULL),
	(5, 1722, 187, 1, 0, NULL),
	(5, 1723, 188, 1, 0, NULL),
	(5, 1724, 190, 1, 0, NULL),
	(5, 1725, 191, 1, 0, NULL),
	(5, 1726, 192, 1, 0, NULL),
	(5, 1727, 193, 1, 0, NULL),
	(5, 1728, 195, 1, 0, NULL),
	(5, 1729, 197, 1, 0, NULL),
	(5, 1730, 201, 1, 0, NULL),
	(5, 1731, 202, 1, 0, NULL),
	(5, 1732, 204, 1, 0, NULL),
	(5, 1733, 209, 1, 0, NULL),
	(5, 1734, 211, 1, 0, NULL),
	(5, 1735, 214, 1, 0, NULL),
	(5, 1736, 221, 1, 0, NULL),
	(5, 1737, 224, 1, 0, NULL),
	(5, 1738, 226, 1, 0, NULL),
	(5, 1739, 229, 1, 0, NULL),
	(5, 1740, 231, 1, 0, NULL),
	(5, 1741, 234, 1, 0, NULL),
	(5, 1742, 237, 1, 0, NULL),
	(5, 2235, 166, 1, 0, NULL),
	(5, 2333, 3, 1, 0, NULL),
	(5, 2334, 4, 1, 0, NULL),
	(5, 2335, 5, 1, 0, NULL),
	(5, 2336, 6, 1, 0, NULL),
	(5, 2337, 7, 1, 0, NULL),
	(5, 2338, 1, 1, 0, NULL),
	(5, 2339, 2, 1, 0, NULL),
	(5, 2391, 133, 1, 0, NULL),
	(5, 2392, 134, 1, 0, NULL),
	(5, 2552, 53, 1, 0, NULL),
	(5, 2553, 54, 1, 0, NULL),
	(5, 2554, 55, 1, 0, NULL),
	(5, 2555, 59, 1, 0, NULL),
	(6, 907, 0, 1, 0, NULL),
	(6, 908, 1, 1, 0, NULL),
	(6, 909, 2, 1, 0, NULL),
	(6, 910, 3, 1, 0, NULL),
	(6, 911, 4, 1, 0, NULL),
	(6, 912, 5, 1, 0, NULL),
	(6, 913, 6, 1, 0, NULL),
	(6, 914, 7, 1, 0, NULL),
	(6, 915, 8, 1, 0, NULL),
	(6, 916, 9, 1, 0, NULL),
	(6, 917, 10, 1, 0, NULL),
	(6, 918, 11, 1, 0, NULL),
	(6, 919, 12, 1, 0, NULL),
	(6, 920, 13, 1, 0, NULL),
	(6, 921, 14, 1, 0, NULL),
	(6, 922, 15, 1, 0, NULL),
	(6, 923, 16, 1, 0, NULL),
	(6, 924, 17, 1, 0, NULL),
	(6, 925, 18, 1, 0, NULL),
	(6, 926, 19, 1, 0, NULL),
	(6, 927, 20, 1, 0, NULL),
	(6, 928, 21, 1, 1, 4),
	(6, 929, 22, 1, 0, NULL),
	(6, 930, 23, 1, 0, NULL),
	(6, 931, 24, 1, 0, NULL),
	(6, 932, 25, 1, 0, NULL),
	(6, 933, 26, 1, 0, NULL),
	(6, 934, 27, 1, 0, NULL),
	(6, 935, 29, 1, 1, 7),
	(6, 936, 34, 1, 0, NULL),
	(6, 937, 37, 1, 0, NULL),
	(6, 938, 38, 1, 0, NULL),
	(6, 939, 39, 1, 0, NULL),
	(6, 940, 42, 1, 0, NULL),
	(6, 941, 43, 1, 0, NULL),
	(6, 942, 45, 1, 0, NULL),
	(6, 943, 47, 1, 0, NULL),
	(6, 944, 49, 1, 1, 36),
	(6, 945, 52, 1, 0, NULL),
	(6, 946, 53, 1, 0, NULL),
	(6, 947, 56, 1, 0, NULL),
	(6, 948, 62, 1, 0, NULL),
	(6, 949, 65, 1, 0, NULL),
	(6, 950, 70, 1, 0, NULL),
	(6, 951, 73, 1, 0, NULL),
	(6, 952, 76, 1, 0, NULL),
	(6, 953, 78, 1, 0, NULL),
	(6, 954, 85, 1, 0, NULL),
	(6, 955, 88, 1, 0, NULL),
	(6, 956, 90, 1, 0, NULL),
	(6, 957, 91, 1, 0, NULL),
	(6, 958, 94, 1, 0, NULL),
	(6, 959, 97, 1, 0, NULL),
	(6, 960, 100, 1, 0, NULL),
	(6, 961, 103, 1, 1, 43),
	(6, 962, 106, 1, 0, NULL),
	(6, 963, 108, 1, 0, NULL),
	(6, 964, 110, 1, 0, NULL),
	(6, 965, 112, 1, 1, 25),
	(6, 966, 114, 1, 0, NULL),
	(6, 967, 117, 1, 1, 26),
	(6, 968, 120, 1, 0, NULL),
	(6, 969, 122, 1, 1, 27),
	(6, 970, 126, 1, 1, 28),
	(6, 971, 130, 1, 0, NULL),
	(6, 972, 133, 1, 0, NULL),
	(6, 973, 136, 1, 0, NULL),
	(6, 974, 137, 1, 0, NULL),
	(6, 975, 140, 1, 0, NULL),
	(6, 976, 141, 1, 0, NULL),
	(6, 977, 144, 1, 0, NULL),
	(6, 979, 147, 1, 0, NULL),
	(6, 980, 148, 1, 0, NULL),
	(6, 981, 150, 1, 0, NULL),
	(6, 982, 153, 1, 0, NULL),
	(6, 983, 155, 1, 1, 45),
	(6, 984, 160, 1, 0, NULL),
	(6, 985, 173, 1, 0, NULL),
	(6, 986, 180, 1, 0, NULL),
	(6, 987, 184, 1, 0, NULL),
	(6, 988, 187, 1, 0, NULL),
	(6, 989, 191, 1, 0, NULL),
	(6, 990, 193, 1, 0, NULL),
	(6, 991, 163, 1, 0, NULL),
	(6, 992, 164, 1, 0, NULL),
	(6, 993, 167, 1, 0, NULL),
	(6, 994, 170, 1, 0, NULL),
	(6, 995, 171, 1, 0, NULL),
	(6, 996, 176, 1, 0, NULL),
	(6, 997, 178, 1, 0, NULL),
	(6, 998, 179, 1, 0, NULL),
	(6, 999, 183, 1, 0, NULL),
	(6, 1000, 185, 1, 0, NULL),
	(6, 1001, 186, 1, 0, NULL),
	(6, 1002, 188, 1, 0, NULL),
	(6, 1003, 189, 1, 0, NULL),
	(6, 1004, 190, 1, 0, NULL),
	(6, 1005, 192, 1, 0, NULL),
	(6, 1006, 195, 1, 0, NULL),
	(6, 1007, 196, 1, 1, 44),
	(6, 1008, 198, 1, 0, NULL),
	(6, 1009, 201, 1, 0, NULL),
	(6, 1010, 202, 1, 0, NULL),
	(6, 1011, 205, 1, 0, NULL),
	(6, 1012, 206, 1, 0, NULL),
	(6, 1013, 207, 1, 0, NULL),
	(6, 1014, 208, 1, 0, NULL),
	(6, 1015, 211, 1, 0, NULL),
	(6, 1016, 214, 1, 0, NULL),
	(6, 1017, 216, 1, 0, NULL),
	(6, 1018, 217, 1, 0, NULL),
	(6, 1019, 218, 1, 0, NULL),
	(6, 1020, 219, 1, 0, NULL),
	(6, 1021, 222, 1, 0, NULL),
	(6, 1022, 224, 1, 0, NULL),
	(6, 1023, 226, 1, 0, NULL),
	(6, 1743, 28, 1, 0, NULL),
	(6, 1744, 30, 1, 0, NULL),
	(6, 1745, 31, 1, 0, NULL),
	(6, 1746, 32, 1, 0, NULL),
	(6, 1747, 33, 1, 0, NULL),
	(6, 1748, 35, 1, 0, NULL),
	(6, 1749, 36, 1, 0, NULL),
	(6, 1750, 40, 1, 0, NULL),
	(6, 1751, 41, 1, 0, NULL),
	(6, 1752, 44, 1, 0, NULL),
	(6, 1753, 46, 1, 0, NULL),
	(6, 1754, 48, 1, 0, NULL),
	(6, 1755, 50, 1, 0, NULL),
	(6, 1756, 51, 1, 0, NULL),
	(6, 1757, 54, 1, 0, NULL),
	(6, 1758, 55, 1, 0, NULL),
	(6, 1759, 57, 1, 0, NULL),
	(6, 1760, 58, 1, 0, NULL),
	(6, 1761, 59, 1, 0, NULL),
	(6, 1762, 60, 1, 0, NULL),
	(6, 1763, 61, 1, 0, NULL),
	(6, 1764, 63, 1, 0, NULL),
	(6, 1765, 64, 1, 0, NULL),
	(6, 1766, 66, 1, 0, NULL),
	(6, 1767, 67, 1, 0, NULL),
	(6, 1768, 68, 1, 0, NULL),
	(6, 1769, 69, 1, 0, NULL),
	(6, 1770, 71, 1, 0, NULL),
	(6, 1771, 72, 1, 0, NULL),
	(6, 1772, 74, 1, 0, NULL),
	(6, 1773, 75, 1, 0, NULL),
	(6, 1774, 77, 1, 0, NULL),
	(6, 1775, 79, 1, 0, NULL),
	(6, 1776, 80, 1, 0, NULL),
	(6, 1777, 81, 1, 0, NULL),
	(6, 1778, 82, 1, 0, NULL),
	(6, 1779, 83, 1, 0, NULL),
	(6, 1780, 84, 1, 0, NULL),
	(6, 1781, 86, 1, 0, NULL),
	(6, 1782, 87, 1, 0, NULL),
	(6, 1783, 89, 1, 0, NULL),
	(6, 1784, 92, 1, 0, NULL),
	(6, 1785, 93, 1, 0, NULL),
	(6, 1786, 95, 1, 0, NULL),
	(6, 1787, 96, 1, 0, NULL),
	(6, 1788, 98, 1, 0, NULL),
	(6, 1789, 99, 1, 0, NULL),
	(6, 1790, 101, 1, 0, NULL),
	(6, 1791, 102, 1, 0, NULL),
	(6, 1792, 104, 1, 0, NULL),
	(6, 1793, 105, 1, 0, NULL),
	(6, 1794, 107, 1, 0, NULL),
	(6, 1795, 109, 1, 0, NULL),
	(6, 1796, 111, 1, 0, NULL),
	(6, 1797, 113, 1, 0, NULL),
	(6, 1798, 115, 1, 0, NULL),
	(6, 1799, 116, 1, 0, NULL),
	(6, 1800, 118, 1, 0, NULL),
	(6, 1801, 119, 1, 0, NULL),
	(6, 1802, 121, 1, 0, NULL),
	(6, 1803, 123, 1, 0, NULL),
	(6, 1804, 124, 1, 0, NULL),
	(6, 1805, 125, 1, 0, NULL),
	(6, 1806, 127, 1, 0, NULL),
	(6, 1807, 128, 1, 0, NULL),
	(6, 1808, 129, 1, 0, NULL),
	(6, 1809, 131, 1, 0, NULL),
	(6, 1810, 132, 1, 0, NULL),
	(6, 1811, 134, 1, 0, NULL),
	(6, 1812, 135, 1, 0, NULL),
	(6, 1813, 138, 1, 0, NULL),
	(6, 1814, 139, 1, 0, NULL),
	(6, 1815, 142, 1, 0, NULL),
	(6, 1816, 143, 1, 0, NULL),
	(6, 1817, 145, 1, 0, NULL),
	(6, 1818, 146, 1, 0, NULL),
	(6, 1819, 149, 1, 0, NULL),
	(6, 1820, 151, 1, 0, NULL),
	(6, 1821, 152, 1, 0, NULL),
	(6, 1822, 154, 1, 0, NULL),
	(6, 1823, 156, 1, 0, NULL),
	(6, 1824, 157, 1, 0, NULL),
	(6, 1825, 158, 1, 0, NULL),
	(6, 1826, 159, 1, 0, NULL),
	(6, 1827, 161, 1, 0, NULL),
	(6, 1828, 162, 1, 0, NULL),
	(6, 1829, 165, 1, 0, NULL),
	(6, 1830, 166, 1, 0, NULL),
	(6, 1831, 168, 1, 0, NULL),
	(6, 1832, 169, 1, 0, NULL),
	(6, 1833, 172, 1, 0, NULL),
	(6, 1834, 174, 1, 0, NULL),
	(6, 1835, 175, 1, 0, NULL),
	(6, 1836, 177, 1, 0, NULL),
	(6, 1837, 181, 1, 0, NULL),
	(6, 1838, 182, 1, 0, NULL),
	(6, 1839, 194, 1, 0, NULL),
	(6, 1840, 197, 1, 0, NULL),
	(6, 1841, 199, 1, 0, NULL),
	(6, 1842, 200, 1, 0, NULL),
	(6, 1843, 203, 1, 0, NULL),
	(6, 1844, 204, 1, 0, NULL),
	(6, 1845, 209, 1, 0, NULL),
	(6, 1846, 210, 1, 0, NULL),
	(6, 1847, 212, 1, 0, NULL),
	(6, 1848, 213, 1, 0, NULL),
	(6, 1849, 215, 1, 0, NULL),
	(6, 1850, 220, 1, 0, NULL),
	(6, 1851, 221, 1, 0, NULL),
	(6, 1852, 223, 1, 0, NULL),
	(6, 1853, 225, 1, 0, NULL),
	(7, 1129, 0, 1, 0, NULL),
	(7, 1130, 1, 1, 0, NULL),
	(7, 1131, 2, 1, 0, NULL),
	(7, 1132, 3, 1, 0, NULL),
	(7, 1133, 4, 1, 0, NULL),
	(7, 1134, 5, 1, 0, NULL),
	(7, 1135, 6, 1, 0, NULL),
	(7, 1136, 7, 1, 0, NULL),
	(7, 1137, 8, 1, 0, NULL),
	(7, 1138, 9, 1, 0, NULL),
	(7, 1139, 10, 1, 0, NULL),
	(7, 1140, 11, 1, 0, NULL),
	(7, 1141, 12, 1, 1, 53),
	(7, 1142, 13, 1, 0, NULL),
	(7, 1143, 14, 1, 0, NULL),
	(7, 1144, 15, 1, 0, NULL),
	(7, 1145, 16, 1, 0, NULL),
	(7, 1146, 17, 1, 0, NULL),
	(7, 1147, 18, 1, 0, NULL),
	(7, 1148, 19, 1, 1, 54),
	(7, 1149, 20, 1, 0, NULL),
	(7, 1150, 21, 1, 0, NULL),
	(7, 1151, 22, 1, 0, NULL),
	(7, 1152, 23, 1, 0, NULL),
	(7, 1153, 24, 1, 0, NULL),
	(7, 1154, 25, 1, 0, NULL),
	(7, 1155, 26, 1, 0, NULL),
	(7, 1156, 27, 1, 0, NULL),
	(7, 1157, 28, 1, 0, NULL),
	(7, 1158, 29, 1, 0, NULL),
	(7, 1159, 30, 1, 0, NULL),
	(7, 1160, 31, 1, 0, NULL),
	(7, 1161, 32, 1, 0, NULL),
	(7, 1162, 33, 1, 0, NULL),
	(7, 1163, 34, 1, 0, NULL),
	(7, 1164, 35, 1, 0, NULL),
	(7, 1165, 36, 1, 0, NULL),
	(7, 1166, 37, 1, 0, NULL),
	(7, 1167, 38, 1, 0, NULL),
	(7, 1168, 39, 1, 0, NULL),
	(7, 1169, 40, 1, 0, NULL),
	(7, 1170, 41, 1, 0, NULL),
	(7, 1171, 42, 1, 0, NULL),
	(7, 1172, 43, 1, 0, NULL),
	(7, 1173, 44, 1, 0, NULL),
	(7, 1174, 45, 1, 0, NULL),
	(7, 1175, 46, 1, 0, NULL),
	(7, 1176, 47, 1, 0, NULL),
	(7, 1177, 48, 1, 0, NULL),
	(7, 1178, 49, 1, 0, NULL),
	(7, 1179, 50, 1, 0, NULL),
	(7, 1180, 51, 1, 0, NULL),
	(7, 1181, 52, 1, 0, NULL),
	(7, 1182, 53, 1, 0, NULL),
	(7, 1183, 54, 1, 0, NULL),
	(7, 1184, 55, 1, 0, NULL),
	(7, 1185, 56, 1, 0, NULL),
	(7, 1186, 57, 1, 0, NULL),
	(7, 1187, 58, 1, 0, NULL),
	(7, 1188, 59, 1, 0, NULL),
	(7, 1189, 60, 1, 0, NULL),
	(7, 1190, 61, 1, 0, NULL),
	(7, 1191, 62, 1, 1, 51),
	(7, 1192, 63, 1, 0, NULL),
	(7, 1193, 64, 1, 1, 50),
	(7, 1194, 65, 1, 0, NULL),
	(7, 1195, 66, 1, 0, NULL),
	(7, 1196, 67, 1, 0, NULL),
	(7, 1197, 68, 1, 0, NULL),
	(7, 1198, 69, 1, 1, 39),
	(7, 1199, 70, 1, 1, 39),
	(7, 1200, 71, 1, 1, 34),
	(7, 1201, 72, 1, 0, NULL),
	(7, 1202, 73, 1, 0, NULL),
	(7, 1203, 74, 1, 1, 38),
	(7, 1204, 75, 1, 0, NULL),
	(7, 1205, 76, 1, 0, NULL),
	(7, 1206, 77, 1, 0, NULL),
	(7, 1207, 78, 1, 0, NULL),
	(7, 1208, 79, 1, 0, NULL),
	(7, 1209, 80, 1, 0, NULL),
	(7, 1210, 81, 1, 1, 37),
	(7, 1211, 82, 1, 0, NULL),
	(7, 1212, 83, 1, 0, NULL),
	(7, 1213, 84, 1, 0, NULL),
	(7, 1214, 85, 1, 0, NULL),
	(7, 1215, 86, 1, 0, NULL),
	(7, 1216, 87, 1, 0, NULL),
	(7, 1217, 88, 1, 0, NULL),
	(7, 1218, 89, 1, 0, NULL),
	(7, 1219, 90, 1, 0, NULL),
	(7, 1220, 91, 1, 0, NULL),
	(7, 1221, 92, 1, 0, NULL),
	(7, 1222, 93, 1, 0, NULL),
	(7, 1223, 94, 1, 0, NULL),
	(7, 1224, 95, 1, 0, NULL),
	(7, 1225, 96, 1, 0, NULL),
	(7, 1226, 97, 1, 0, NULL),
	(7, 1227, 98, 1, 0, NULL),
	(7, 1228, 99, 1, 0, NULL),
	(7, 1229, 100, 1, 0, NULL),
	(7, 1230, 102, 1, 0, NULL),
	(7, 1231, 104, 1, 1, 6),
	(7, 1232, 107, 1, 0, NULL),
	(7, 1233, 108, 1, 0, NULL),
	(7, 1234, 109, 1, 1, 7),
	(7, 1235, 110, 1, 0, NULL),
	(7, 1236, 111, 1, 0, NULL),
	(7, 1237, 112, 1, 0, NULL),
	(7, 1238, 113, 1, 0, NULL),
	(7, 1239, 114, 1, 0, NULL),
	(7, 1240, 115, 1, 0, NULL),
	(7, 1241, 116, 1, 0, NULL),
	(7, 1242, 117, 1, 1, 36),
	(7, 1243, 118, 1, 0, NULL),
	(7, 1244, 119, 1, 0, NULL),
	(7, 1245, 120, 1, 0, NULL),
	(7, 1246, 121, 1, 0, NULL),
	(7, 1247, 122, 1, 0, NULL),
	(7, 1248, 123, 1, 0, NULL),
	(7, 1249, 124, 1, 0, NULL),
	(7, 1250, 125, 1, 0, NULL),
	(7, 1251, 126, 1, 0, NULL),
	(7, 1252, 127, 1, 0, NULL),
	(7, 1253, 128, 1, 0, NULL),
	(7, 1254, 129, 1, 0, NULL),
	(7, 1255, 130, 1, 0, NULL),
	(7, 1256, 131, 1, 1, 22),
	(7, 1257, 132, 1, 0, NULL),
	(7, 1258, 133, 1, 0, NULL),
	(7, 1259, 134, 1, 0, NULL),
	(7, 1260, 135, 1, 0, NULL),
	(7, 1261, 136, 1, 1, 21),
	(7, 1262, 137, 1, 0, NULL),
	(7, 1263, 138, 1, 0, NULL),
	(7, 1264, 139, 1, 0, NULL),
	(7, 1265, 140, 1, 0, NULL),
	(7, 1266, 141, 1, 0, NULL),
	(7, 1267, 142, 1, 0, NULL),
	(7, 1268, 143, 1, 0, NULL),
	(7, 1269, 144, 1, 0, NULL),
	(7, 1270, 145, 1, 1, 23),
	(7, 1271, 146, 1, 0, NULL),
	(7, 1272, 147, 1, 0, NULL),
	(7, 1273, 148, 1, 0, NULL),
	(7, 1274, 149, 1, 0, NULL),
	(7, 1275, 150, 1, 0, NULL),
	(7, 1276, 151, 1, 0, NULL),
	(7, 1277, 152, 1, 0, NULL),
	(7, 1278, 153, 1, 0, NULL),
	(7, 1279, 154, 1, 0, NULL),
	(7, 1280, 155, 1, 0, NULL),
	(7, 1281, 156, 1, 0, NULL),
	(7, 1282, 157, 1, 0, NULL),
	(7, 1283, 158, 1, 0, NULL),
	(7, 1284, 159, 1, 0, NULL),
	(7, 1285, 160, 1, 0, NULL),
	(7, 1286, 161, 1, 0, NULL),
	(7, 1287, 162, 1, 0, NULL),
	(7, 1288, 163, 1, 0, NULL),
	(7, 1289, 164, 1, 0, NULL),
	(7, 1290, 165, 1, 0, NULL),
	(7, 1291, 166, 1, 0, NULL),
	(7, 1292, 167, 1, 0, NULL),
	(7, 1293, 168, 1, 0, NULL),
	(7, 1294, 169, 1, 0, NULL),
	(7, 1295, 170, 1, 0, NULL),
	(7, 1296, 171, 1, 0, NULL),
	(7, 1297, 172, 1, 0, NULL),
	(7, 1298, 173, 1, 0, NULL),
	(7, 1299, 174, 1, 0, NULL),
	(7, 1300, 175, 1, 0, NULL),
	(7, 1301, 176, 1, 0, NULL),
	(7, 1302, 177, 1, 0, NULL),
	(7, 1303, 178, 1, 0, NULL),
	(7, 1304, 179, 1, 0, NULL),
	(7, 1305, 180, 1, 0, NULL),
	(7, 1306, 181, 1, 0, NULL),
	(7, 1307, 182, 1, 0, NULL),
	(7, 1308, 183, 1, 0, NULL),
	(7, 1309, 184, 1, 0, NULL),
	(7, 1310, 185, 1, 0, NULL),
	(7, 1311, 186, 1, 0, NULL),
	(7, 1312, 187, 1, 0, NULL),
	(7, 1313, 188, 1, 0, NULL),
	(7, 1314, 189, 1, 0, NULL),
	(7, 1315, 190, 1, 0, NULL),
	(7, 1316, 191, 1, 0, NULL),
	(7, 1317, 192, 1, 0, NULL),
	(7, 1318, 193, 1, 0, NULL),
	(7, 2548, 101, 1, 0, NULL),
	(7, 2549, 103, 1, 0, NULL),
	(7, 2550, 105, 1, 0, NULL),
	(7, 2551, 106, 1, 0, NULL);
/*!40000 ALTER TABLE `linepoint` ENABLE KEYS */;

-- Dumping structure for table thesis_mgm.lines
CREATE TABLE IF NOT EXISTS `lines` (
  `idline` int(11) DEFAULT NULL,
  `name` varchar(50) DEFAULT NULL,
  `idlinetype` int(11) DEFAULT NULL,
  `linecolor` varchar(50) DEFAULT NULL,
  `direction` varchar(50) DEFAULT NULL,
  `enabled` int(11) DEFAULT NULL
) ENGINE=InnoDB DEFAULT CHARSET=latin1;

-- Dumping data for table thesis_mgm.lines: ~50 rows (approximately)
/*!40000 ALTER TABLE `lines` DISABLE KEYS */;
INSERT INTO `lines` (`idline`, `name`, `idlinetype`, `linecolor`, `direction`, `enabled`) VALUES
	(1, 'AL', 1, '#FF0000', 'I', 1),
	(2, 'AMG', 1, '#B642F4', 'O', 1),
	(3, 'LH', 1, '#000000', 'O', 1),
	(4, 'GA', 1, '#F4A742', 'O', 1),
	(5, 'ABG', 1, '#2EA52C', 'O', 1),
	(6, 'LDG', 1, '#7F7F7F', 'O', 1),
	(7, 'ASD', 1, '#0B69BC', 'O', 1),
	(9, 'LDG', 1, '#7F7F7F', 'I', 1),
	(10, 'AG', 1, '#FF6100', 'O', 1),
	(11, 'AG', 1, '#FF6100', 'I', 1),
	(12, 'AT', 1, '#0055FF', 'I', 1),
	(13, 'AT', 1, '#0055FF', 'O', 1),
	(14, 'ADL', 1, '#5E5E5E', 'O', 1),
	(15, 'ADL', 1, '#5E5E5E', 'I', 1),
	(16, 'ABG', 1, '#2EA52C', 'I', 1),
	(17, 'AL', 1, '#FF0000', 'I', 1),
	(18, 'AMG', 1, '#B642F4', 'I', 1),
	(19, 'ASD', 1, '#0B69BC', 'I', 1),
	(20, 'GA', 1, '#F4A742', 'I', 1),
	(21, 'LH', 1, '#000000', 'I', 1),
	(22, 'AJG', 1, '#006AFF', 'I', 1),
	(23, 'AJG', 1, '#006AFF', 'O', 1),
	(24, 'CKL', 1, '#006AFF', 'I', 1),
	(25, 'CKL', 1, '#006AFF', 'O', 1),
	(26, 'GL', 1, '#006AFF', 'O', 1),
	(27, 'GL', 1, '#006AFF', 'I', 1),
	(28, 'GML', 1, '#006AFF', 'I', 1),
	(29, 'GML', 1, '#006AFF', 'O', 1),
	(30, 'GM', 1, '#006AFF', 'O', 1),
	(31, 'GM', 1, '#006AFF', 'I', 1),
	(32, 'JPK', 1, '#006AFF', 'I', 1),
	(33, 'JPK', 1, '#006AFF', 'O', 1),
	(34, 'JDM', 1, '#006AFF', 'O', 1),
	(35, 'JDM', 1, '#006AFF', 'I', 1),
	(36, 'MM', 1, '#006AFF', 'I', 1),
	(37, 'MM', 1, '#006AFF', 'O', 1),
	(38, 'MT', 1, '#006AFF', 'O', 1),
	(39, 'MT', 1, '#006AFF', 'I', 1),
	(40, 'MK', 1, '#006AFF', 'I', 1),
	(41, 'MK', 1, '#006AFF', 'O', 1),
	(42, 'MKS', 1, '#006AFF', 'O', 1),
	(43, 'MKS', 1, '#006AFF', 'I', 1),
	(44, 'ABB', 1, '#006AFF', 'I', 1),
	(45, 'ABB', 1, '#006AFF', 'O', 1),
	(46, 'TST', 1, '#006AFF', 'O', 1),
	(47, 'TST', 1, '#006AFF', 'I', 1),
	(48, 'TAT', 1, '#006AFF', 'I', 1),
	(49, 'TAT', 1, '#006AFF', 'O', 1),
	(51, 'TSG', 1, '#006AFF', 'I', 1),
	(52, 'TSG', 1, '#555', 'O', 1);
/*!40000 ALTER TABLE `lines` ENABLE KEYS */;

-- Dumping structure for table thesis_mgm.linetype
CREATE TABLE IF NOT EXISTS `linetype` (
  `idlinetype` int(11) DEFAULT NULL,
  `type` varchar(50) DEFAULT NULL
) ENGINE=InnoDB DEFAULT CHARSET=latin1;

-- Dumping data for table thesis_mgm.linetype: ~1 rows (approximately)
/*!40000 ALTER TABLE `linetype` DISABLE KEYS */;
INSERT INTO `linetype` (`idlinetype`, `type`) VALUES
	(1, 'Public Transport');
/*!40000 ALTER TABLE `linetype` ENABLE KEYS */;

-- Dumping structure for table thesis_mgm.point
CREATE TABLE IF NOT EXISTS `point` (
  `idpoint` int(11) DEFAULT NULL,
  `lat` float DEFAULT NULL,
  `lng` float DEFAULT NULL
) ENGINE=InnoDB DEFAULT CHARSET=latin1;

-- Dumping data for table thesis_mgm.point: ~1.529 rows (approximately)
/*!40000 ALTER TABLE `point` DISABLE KEYS */;
INSERT INTO `point` (`idpoint`, `lat`, `lng`) VALUES
	(637, -7.93466, 112.659),
	(638, -7.93453, 112.658),
	(639, -7.93559, 112.658),
	(640, -7.93628, 112.659),
	(641, -7.93237, 112.65),
	(642, -7.93948, 112.65),
	(643, -7.94375, 112.648),
	(644, -7.9433, 112.647),
	(645, -7.9444, 112.647),
	(646, -7.94309, 112.644),
	(647, -7.94683, 112.642),
	(648, -7.95245, 112.641),
	(649, -7.95813, 112.638),
	(650, -7.96362, 112.637),
	(651, -7.9655, 112.637),
	(652, -7.96616, 112.638),
	(653, -7.96673, 112.638),
	(654, -7.96696, 112.639),
	(655, -7.96724, 112.639),
	(661, -7.97748, 112.637),
	(664, -7.97755, 112.635),
	(666, -7.97773, 112.634),
	(667, -7.97759, 112.634),
	(669, -7.97697, 112.633),
	(672, -7.97646, 112.63),
	(673, -7.97659, 112.628),
	(678, -7.97547, 112.626),
	(679, -7.97537, 112.626),
	(685, -7.97454, 112.621),
	(686, -7.97448, 112.621),
	(687, -7.97269, 112.621),
	(688, -7.97185, 112.622),
	(689, -7.97139, 112.621),
	(690, -7.97055, 112.62),
	(691, -7.96914, 112.618),
	(692, -7.96889, 112.618),
	(699, -7.9635, 112.622),
	(707, -7.95454, 112.611),
	(708, -7.95429, 112.611),
	(709, -7.95358, 112.61),
	(710, -7.95256, 112.61),
	(711, -7.95206, 112.609),
	(712, -7.95125, 112.609),
	(713, -7.9488, 112.609),
	(714, -7.94797, 112.609),
	(715, -7.9471, 112.609),
	(716, -7.94493, 112.61),
	(717, -7.94278, 112.61),
	(718, -7.93208, 112.603),
	(719, -7.92761, 112.603),
	(720, -7.92415, 112.599),
	(721, -7.92509, 112.598),
	(722, -7.93571, 112.658),
	(723, -7.9358, 112.659),
	(724, -7.93619, 112.659),
	(725, -7.93582, 112.658),
	(726, -7.93509, 112.656),
	(727, -7.93439, 112.654),
	(728, -7.93391, 112.653),
	(729, -7.93339, 112.652),
	(730, -7.93278, 112.651),
	(731, -7.93249, 112.65),
	(732, -7.93379, 112.65),
	(733, -7.93584, 112.65),
	(734, -7.9387, 112.65),
	(735, -7.94062, 112.649),
	(736, -7.94109, 112.649),
	(737, -7.94157, 112.649),
	(738, -7.94197, 112.649),
	(739, -7.94386, 112.647),
	(740, -7.94426, 112.647),
	(741, -7.9439, 112.646),
	(742, -7.94303, 112.644),
	(743, -7.94392, 112.644),
	(744, -7.94478, 112.643),
	(745, -7.94573, 112.643),
	(746, -7.94936, 112.642),
	(747, -7.95535, 112.639),
	(748, -7.9609, 112.637),
	(749, -7.96224, 112.637),
	(750, -7.96301, 112.637),
	(751, -7.96441, 112.637),
	(752, -7.96636, 112.638),
	(753, -7.96683, 112.638),
	(754, -7.96698, 112.639),
	(755, -7.96711, 112.639),
	(765, -7.97654, 112.628),
	(775, -7.9725, 112.622),
	(777, -7.97358, 112.621),
	(778, -7.97243, 112.621),
	(779, -7.97199, 112.622),
	(780, -7.96986, 112.619),
	(781, -7.96953, 112.618),
	(786, -7.96762, 112.616),
	(791, -7.96594, 112.618),
	(794, -7.96525, 112.62),
	(798, -7.9628, 112.621),
	(799, -7.96244, 112.621),
	(803, -7.96036, 112.621),
	(807, -7.95756, 112.618),
	(813, -7.9557, 112.612),
	(814, -7.95506, 112.611),
	(815, -7.95387, 112.61),
	(816, -7.95302, 112.61),
	(817, -7.95226, 112.609),
	(818, -7.95067, 112.609),
	(819, -7.95012, 112.609),
	(820, -7.94601, 112.609),
	(821, -7.94349, 112.61),
	(822, -7.94314, 112.61),
	(823, -7.93754, 112.606),
	(824, -7.93505, 112.605),
	(825, -7.93325, 112.603),
	(826, -7.93157, 112.603),
	(827, -7.92959, 112.603),
	(828, -7.9286, 112.603),
	(829, -7.92719, 112.603),
	(830, -7.92575, 112.601),
	(831, -7.92496, 112.6),
	(832, -7.92494, 112.598),
	(833, -7.93467, 112.659),
	(839, -7.93629, 112.659),
	(840, -7.93619, 112.659),
	(841, -7.93588, 112.658),
	(842, -7.93359, 112.653),
	(843, -7.93236, 112.65),
	(844, -7.93027, 112.651),
	(845, -7.92942, 112.649),
	(846, -7.92948, 112.649),
	(847, -7.93338, 112.647),
	(848, -7.93656, 112.645),
	(849, -7.93917, 112.643),
	(850, -7.94183, 112.642),
	(851, -7.94046, 112.639),
	(852, -7.93952, 112.637),
	(853, -7.93916, 112.636),
	(854, -7.93917, 112.635),
	(855, -7.93888, 112.634),
	(856, -7.93918, 112.633),
	(857, -7.93946, 112.632),
	(858, -7.93894, 112.63),
	(859, -7.93763, 112.628),
	(860, -7.93703, 112.626),
	(861, -7.93705, 112.626),
	(862, -7.93949, 112.625),
	(863, -7.9433, 112.621),
	(864, -7.94461, 112.62),
	(865, -7.94616, 112.622),
	(866, -7.94751, 112.625),
	(867, -7.95036, 112.63),
	(868, -7.95084, 112.632),
	(869, -7.95196, 112.632),
	(870, -7.95277, 112.632),
	(871, -7.9557, 112.632),
	(872, -7.95671, 112.632),
	(873, -7.95762, 112.632),
	(874, -7.95786, 112.632),
	(875, -7.95835, 112.631),
	(876, -7.95894, 112.631),
	(877, -7.95963, 112.632),
	(878, -7.96054, 112.632),
	(879, -7.96129, 112.631),
	(880, -7.96207, 112.631),
	(881, -7.96257, 112.631),
	(882, -7.96445, 112.635),
	(883, -7.9655, 112.637),
	(884, -7.96618, 112.638),
	(885, -7.96672, 112.638),
	(886, -7.96698, 112.639),
	(887, -7.96736, 112.639),
	(888, -7.96758, 112.638),
	(889, -7.97348, 112.639),
	(890, -7.97342, 112.637),
	(891, -7.97748, 112.637),
	(892, -7.97975, 112.637),
	(893, -7.98035, 112.637),
	(894, -7.98091, 112.638),
	(896, -7.9871, 112.636),
	(897, -7.99052, 112.634),
	(898, -7.99581, 112.633),
	(899, -7.99838, 112.632),
	(900, -8.00179, 112.631),
	(901, -8.00379, 112.63),
	(902, -8.00702, 112.63),
	(903, -8.01004, 112.629),
	(904, -8.01686, 112.628),
	(905, -8.02185, 112.628),
	(906, -8.02262, 112.628),
	(907, -7.92461, 112.599),
	(908, -7.92408, 112.599),
	(909, -7.92476, 112.6),
	(910, -7.92542, 112.601),
	(911, -7.92586, 112.601),
	(912, -7.9266, 112.602),
	(913, -7.92744, 112.603),
	(914, -7.92782, 112.603),
	(915, -7.92869, 112.603),
	(916, -7.92895, 112.603),
	(917, -7.93013, 112.603),
	(918, -7.93147, 112.603),
	(919, -7.93188, 112.603),
	(920, -7.93218, 112.603),
	(921, -7.93328, 112.603),
	(922, -7.93505, 112.605),
	(923, -7.93601, 112.605),
	(924, -7.93658, 112.606),
	(925, -7.9384, 112.607),
	(926, -7.93956, 112.608),
	(927, -7.94071, 112.609),
	(928, -7.94283, 112.61),
	(929, -7.94313, 112.61),
	(930, -7.94453, 112.611),
	(931, -7.94523, 112.612),
	(932, -7.9461, 112.612),
	(933, -7.94734, 112.613),
	(934, -7.94839, 112.614),
	(935, -7.94985, 112.615),
	(936, -7.95198, 112.618),
	(937, -7.95292, 112.619),
	(938, -7.95438, 112.62),
	(939, -7.955, 112.621),
	(940, -7.95789, 112.623),
	(941, -7.95884, 112.624),
	(942, -7.9599, 112.625),
	(943, -7.96051, 112.626),
	(944, -7.9611, 112.626),
	(945, -7.96187, 112.626),
	(946, -7.96212, 112.626),
	(947, -7.96225, 112.626),
	(948, -7.9638, 112.627),
	(949, -7.96469, 112.628),
	(950, -7.9665, 112.629),
	(951, -7.96694, 112.629),
	(952, -7.96842, 112.629),
	(953, -7.96866, 112.629),
	(954, -7.97085, 112.629),
	(955, -7.97172, 112.629),
	(956, -7.97271, 112.629),
	(957, -7.97289, 112.629),
	(958, -7.97362, 112.629),
	(959, -7.97437, 112.63),
	(960, -7.97536, 112.63),
	(961, -7.97639, 112.629),
	(962, -7.97835, 112.63),
	(963, -7.97909, 112.63),
	(964, -7.97955, 112.63),
	(965, -7.98027, 112.631),
	(966, -7.98053, 112.631),
	(967, -7.98156, 112.63),
	(968, -7.98322, 112.63),
	(969, -7.98306, 112.629),
	(970, -7.98468, 112.629),
	(971, -7.98521, 112.631),
	(972, -7.98586, 112.633),
	(973, -7.98813, 112.632),
	(974, -7.98821, 112.632),
	(975, -7.98935, 112.632),
	(976, -7.99031, 112.632),
	(977, -7.9919, 112.631),
	(979, -7.99253, 112.631),
	(980, -7.99267, 112.631),
	(981, -7.99287, 112.631),
	(982, -7.99323, 112.633),
	(983, -7.99357, 112.634),
	(984, -7.99769, 112.633),
	(985, -8.00379, 112.63),
	(986, -8.01002, 112.629),
	(987, -8.0136, 112.629),
	(988, -8.01687, 112.628),
	(989, -8.02094, 112.628),
	(990, -8.02263, 112.628),
	(991, -7.99875, 112.632),
	(992, -7.99927, 112.632),
	(993, -8.00067, 112.632),
	(994, -8.00233, 112.631),
	(995, -8.00297, 112.631),
	(996, -8.00521, 112.63),
	(997, -8.00695, 112.63),
	(998, -8.00848, 112.63),
	(999, -8.01268, 112.629),
	(1000, -8.01531, 112.629),
	(1001, -8.01563, 112.629),
	(1002, -8.01771, 112.628),
	(1003, -8.01882, 112.628),
	(1004, -8.01997, 112.628),
	(1005, -8.02185, 112.628),
	(1006, -8.02288, 112.628),
	(1007, -8.02297, 112.629),
	(1008, -8.02338, 112.63),
	(1009, -8.02377, 112.631),
	(1010, -8.02377, 112.632),
	(1011, -8.02442, 112.634),
	(1012, -8.02463, 112.634),
	(1013, -8.0247, 112.635),
	(1014, -8.02467, 112.635),
	(1015, -8.02459, 112.636),
	(1016, -8.02499, 112.638),
	(1017, -8.02544, 112.639),
	(1018, -8.02558, 112.64),
	(1019, -8.02577, 112.64),
	(1020, -8.02621, 112.641),
	(1021, -8.02653, 112.643),
	(1022, -8.02643, 112.643),
	(1023, -8.02518, 112.643),
	(1024, -7.93538, 112.657),
	(1025, -7.93489, 112.656),
	(1026, -7.93326, 112.652),
	(1027, -7.93296, 112.651),
	(1028, -7.93816, 112.644),
	(1029, -7.94142, 112.641),
	(1030, -7.94004, 112.638),
	(1031, -7.93961, 112.637),
	(1032, -7.93882, 112.634),
	(1033, -7.93888, 112.634),
	(1034, -7.93904, 112.633),
	(1035, -7.93932, 112.633),
	(1036, -7.93943, 112.633),
	(1037, -7.93942, 112.632),
	(1038, -7.93828, 112.629),
	(1039, -7.93699, 112.627),
	(1040, -7.93773, 112.626),
	(1041, -7.93996, 112.625),
	(1042, -7.94147, 112.623),
	(1043, -7.94216, 112.622),
	(1044, -7.94531, 112.621),
	(1045, -7.94783, 112.625),
	(1046, -7.94804, 112.626),
	(1047, -7.94824, 112.626),
	(1048, -7.94867, 112.627),
	(1049, -7.94915, 112.628),
	(1050, -7.95005, 112.629),
	(1051, -7.95123, 112.632),
	(1052, -7.95159, 112.632),
	(1053, -7.95202, 112.632),
	(1054, -7.95239, 112.632),
	(1055, -7.95344, 112.632),
	(1056, -7.95452, 112.632),
	(1057, -7.95607, 112.632),
	(1058, -7.95656, 112.632),
	(1059, -7.95706, 112.632),
	(1060, -7.9577, 112.632),
	(1061, -7.9593, 112.632),
	(1062, -7.96077, 112.632),
	(1063, -7.96116, 112.631),
	(1064, -7.96168, 112.631),
	(1065, -7.96339, 112.633),
	(1066, -7.96497, 112.636),
	(1067, -7.96637, 112.638),
	(1068, -7.96683, 112.638),
	(1069, -7.96695, 112.639),
	(1070, -7.96717, 112.639),
	(1071, -7.9674, 112.638),
	(1072, -7.96863, 112.638),
	(1073, -7.96922, 112.638),
	(1074, -7.97042, 112.638),
	(1075, -7.97184, 112.639),
	(1076, -7.97291, 112.639),
	(1077, -7.97342, 112.637),
	(1078, -7.97588, 112.637),
	(1079, -7.97872, 112.637),
	(1080, -7.98004, 112.637),
	(1081, -7.98105, 112.638),
	(1082, -7.98155, 112.638),
	(1083, -7.98516, 112.636),
	(1084, -7.98614, 112.636),
	(1086, -7.98994, 112.635),
	(1087, -7.99233, 112.634),
	(1088, -7.99248, 112.634),
	(1089, -7.99359, 112.634),
	(1090, -7.99418, 112.633),
	(1091, -7.99499, 112.633),
	(1092, -7.99587, 112.633),
	(1093, -7.99713, 112.633),
	(1094, -7.99764, 112.633),
	(1095, -7.9978, 112.633),
	(1097, -7.99969, 112.632),
	(1098, -8.00007, 112.632),
	(1099, -8.00297, 112.631),
	(1100, -8.00459, 112.63),
	(1101, -8.00521, 112.63),
	(1102, -8.01208, 112.629),
	(1103, -8.01359, 112.629),
	(1104, -8.01477, 112.629),
	(1105, -8.01563, 112.629),
	(1106, -8.01958, 112.628),
	(1107, -8.02289, 112.628),
	(1108, -8.02297, 112.629),
	(1109, -8.02339, 112.63),
	(1110, -8.02379, 112.631),
	(1111, -8.02378, 112.632),
	(1112, -8.02433, 112.633),
	(1113, -8.02442, 112.634),
	(1114, -8.02462, 112.634),
	(1115, -8.0247, 112.635),
	(1116, -8.02466, 112.635),
	(1117, -8.02458, 112.636),
	(1118, -8.02461, 112.637),
	(1119, -8.02499, 112.638),
	(1120, -8.02551, 112.64),
	(1121, -8.02578, 112.64),
	(1122, -8.02618, 112.641),
	(1123, -8.02626, 112.641),
	(1124, -8.0265, 112.642),
	(1125, -8.02652, 112.643),
	(1126, -8.02642, 112.643),
	(1127, -8.02623, 112.643),
	(1128, -8.02517, 112.643),
	(1129, -7.93469, 112.659),
	(1130, -7.93397, 112.659),
	(1131, -7.93388, 112.658),
	(1132, -7.93558, 112.658),
	(1133, -7.93575, 112.658),
	(1134, -7.9358, 112.659),
	(1135, -7.93628, 112.659),
	(1136, -7.93591, 112.658),
	(1137, -7.93508, 112.656),
	(1138, -7.9343, 112.654),
	(1139, -7.93362, 112.653),
	(1140, -7.93259, 112.65),
	(1141, -7.93238, 112.65),
	(1142, -7.93266, 112.65),
	(1143, -7.93355, 112.65),
	(1144, -7.93398, 112.65),
	(1145, -7.93651, 112.65),
	(1146, -7.93776, 112.65),
	(1147, -7.93857, 112.65),
	(1148, -7.93949, 112.65),
	(1149, -7.94012, 112.65),
	(1150, -7.941, 112.651),
	(1151, -7.94156, 112.652),
	(1152, -7.94185, 112.652),
	(1153, -7.94231, 112.653),
	(1154, -7.94273, 112.653),
	(1155, -7.94343, 112.653),
	(1156, -7.94369, 112.654),
	(1157, -7.94401, 112.654),
	(1158, -7.94436, 112.655),
	(1159, -7.94516, 112.656),
	(1160, -7.94566, 112.657),
	(1161, -7.94624, 112.657),
	(1162, -7.94672, 112.658),
	(1163, -7.94748, 112.659),
	(1164, -7.94773, 112.659),
	(1165, -7.94794, 112.659),
	(1166, -7.94868, 112.659),
	(1167, -7.94848, 112.659),
	(1168, -7.94835, 112.658),
	(1169, -7.94785, 112.656),
	(1170, -7.94683, 112.654),
	(1171, -7.94804, 112.654),
	(1172, -7.94881, 112.653),
	(1173, -7.95064, 112.652),
	(1174, -7.95175, 112.651),
	(1175, -7.95252, 112.651),
	(1176, -7.95328, 112.651),
	(1177, -7.95342, 112.651),
	(1178, -7.9532, 112.65),
	(1179, -7.95289, 112.649),
	(1180, -7.95253, 112.648),
	(1181, -7.95298, 112.648),
	(1182, -7.95352, 112.648),
	(1183, -7.95356, 112.648),
	(1184, -7.9537, 112.648),
	(1185, -7.95427, 112.649),
	(1186, -7.95452, 112.65),
	(1187, -7.95535, 112.65),
	(1188, -7.95679, 112.649),
	(1189, -7.95973, 112.648),
	(1190, -7.95842, 112.646),
	(1191, -7.95707, 112.644),
	(1192, -7.95867, 112.643),
	(1193, -7.96018, 112.642),
	(1194, -7.95999, 112.642),
	(1195, -7.95979, 112.642),
	(1196, -7.96051, 112.641),
	(1197, -7.95989, 112.64),
	(1198, -7.95938, 112.638),
	(1199, -7.95929, 112.638),
	(1200, -7.95812, 112.638),
	(1201, -7.95791, 112.638),
	(1202, -7.95937, 112.637),
	(1203, -7.96038, 112.637),
	(1204, -7.9619, 112.636),
	(1205, -7.96132, 112.635),
	(1206, -7.96084, 112.634),
	(1207, -7.96045, 112.634),
	(1208, -7.95994, 112.633),
	(1209, -7.95974, 112.632),
	(1210, -7.95947, 112.632),
	(1211, -7.95893, 112.631),
	(1212, -7.95833, 112.631),
	(1213, -7.95768, 112.632),
	(1214, -7.95664, 112.632),
	(1215, -7.95655, 112.632),
	(1216, -7.9559, 112.631),
	(1217, -7.95395, 112.632),
	(1218, -7.95324, 112.632),
	(1219, -7.95262, 112.632),
	(1220, -7.95204, 112.632),
	(1221, -7.9519, 112.632),
	(1222, -7.95137, 112.632),
	(1223, -7.95088, 112.632),
	(1224, -7.95042, 112.63),
	(1225, -7.95, 112.629),
	(1226, -7.94901, 112.627),
	(1227, -7.94827, 112.626),
	(1228, -7.94806, 112.626),
	(1229, -7.94755, 112.625),
	(1230, -7.94621, 112.622),
	(1231, -7.94465, 112.62),
	(1232, -7.94585, 112.618),
	(1233, -7.94794, 112.617),
	(1234, -7.94996, 112.616),
	(1235, -7.95215, 112.618),
	(1236, -7.95285, 112.619),
	(1237, -7.95403, 112.62),
	(1238, -7.95536, 112.621),
	(1239, -7.95787, 112.623),
	(1240, -7.95979, 112.625),
	(1241, -7.96049, 112.626),
	(1242, -7.96133, 112.626),
	(1243, -7.96211, 112.626),
	(1244, -7.96225, 112.626),
	(1245, -7.96241, 112.626),
	(1246, -7.96226, 112.626),
	(1247, -7.9621, 112.625),
	(1248, -7.96214, 112.624),
	(1249, -7.96214, 112.624),
	(1250, -7.96223, 112.624),
	(1251, -7.96257, 112.624),
	(1252, -7.96281, 112.624),
	(1253, -7.96305, 112.624),
	(1254, -7.96313, 112.623),
	(1255, -7.96328, 112.622),
	(1256, -7.96351, 112.622),
	(1257, -7.96391, 112.621),
	(1258, -7.96426, 112.621),
	(1259, -7.96551, 112.62),
	(1260, -7.9667, 112.619),
	(1261, -7.96585, 112.618),
	(1262, -7.96626, 112.618),
	(1263, -7.96653, 112.618),
	(1264, -7.96676, 112.618),
	(1265, -7.967, 112.618),
	(1266, -7.96723, 112.618),
	(1267, -7.96749, 112.618),
	(1268, -7.96786, 112.618),
	(1269, -7.96826, 112.618),
	(1270, -7.96888, 112.618),
	(1271, -7.96991, 112.617),
	(1272, -7.9696, 112.616),
	(1273, -7.96995, 112.616),
	(1274, -7.97051, 112.616),
	(1275, -7.97083, 112.616),
	(1276, -7.97162, 112.615),
	(1277, -7.97208, 112.616),
	(1278, -7.97219, 112.616),
	(1279, -7.97253, 112.616),
	(1280, -7.97292, 112.616),
	(1281, -7.97271, 112.617),
	(1282, -7.97306, 112.617),
	(1283, -7.97345, 112.617),
	(1284, -7.97381, 112.617),
	(1285, -7.97411, 112.617),
	(1286, -7.97438, 112.617),
	(1287, -7.97387, 112.616),
	(1288, -7.9741, 112.616),
	(1289, -7.97423, 112.615),
	(1290, -7.97433, 112.614),
	(1291, -7.97415, 112.613),
	(1292, -7.97514, 112.613),
	(1293, -7.97523, 112.613),
	(1294, -7.97522, 112.613),
	(1295, -7.97476, 112.613),
	(1296, -7.97419, 112.613),
	(1297, -7.97372, 112.613),
	(1298, -7.97337, 112.613),
	(1299, -7.97333, 112.612),
	(1300, -7.9733, 112.612),
	(1301, -7.97323, 112.611),
	(1302, -7.97316, 112.611),
	(1303, -7.97305, 112.61),
	(1304, -7.97297, 112.61),
	(1305, -7.97293, 112.609),
	(1306, -7.97282, 112.609),
	(1307, -7.97251, 112.608),
	(1308, -7.9722, 112.607),
	(1309, -7.9722, 112.606),
	(1310, -7.97247, 112.606),
	(1311, -7.97256, 112.606),
	(1312, -7.97227, 112.605),
	(1313, -7.97212, 112.605),
	(1314, -7.97201, 112.605),
	(1315, -7.97201, 112.605),
	(1316, -7.97201, 112.604),
	(1317, -7.97208, 112.603),
	(1318, -7.97196, 112.603),
	(1319, -8.02515, 112.643),
	(1320, -8.02673, 112.643),
	(1321, -8.02667, 112.643),
	(1322, -8.02635, 112.641),
	(1323, -8.02572, 112.64),
	(1324, -8.02471, 112.636),
	(1325, -8.02472, 112.634),
	(1326, -8.02385, 112.632),
	(1327, -8.02376, 112.631),
	(1328, -8.02297, 112.629),
	(1329, -8.02281, 112.628),
	(1330, -8.02185, 112.624),
	(1331, -8.02018, 112.619),
	(1332, -8.0183, 112.62),
	(1333, -8.01595, 112.62),
	(1334, -8.01357, 112.62),
	(1335, -8.01247, 112.62),
	(1336, -8.01216, 112.62),
	(1337, -8.01051, 112.62),
	(1338, -8.00796, 112.619),
	(1339, -8.00469, 112.618),
	(1340, -8.0025, 112.618),
	(1341, -8.0015, 112.618),
	(1342, -8.00085, 112.618),
	(1343, -7.99438, 112.62),
	(1344, -7.98911, 112.622),
	(1345, -7.98838, 112.622),
	(1346, -7.98814, 112.622),
	(1347, -7.9853, 112.625),
	(1348, -7.98493, 112.625),
	(1349, -7.98409, 112.626),
	(1350, -7.98429, 112.627),
	(1351, -7.98446, 112.628),
	(1352, -7.98467, 112.629),
	(1353, -7.98308, 112.629),
	(1354, -7.98274, 112.628),
	(1355, -7.98266, 112.627),
	(1356, -7.9825, 112.627),
	(1357, -7.98091, 112.628),
	(1358, -7.98162, 112.631),
	(1359, -7.98189, 112.632),
	(1360, -7.98109, 112.632),
	(1361, -7.98061, 112.632),
	(1362, -7.98028, 112.631),
	(1363, -7.9794, 112.631),
	(1364, -7.97921, 112.631),
	(1365, -7.97911, 112.632),
	(1366, -7.97886, 112.632),
	(1367, -7.97878, 112.633),
	(1368, -7.97758, 112.634),
	(1369, -7.97738, 112.633),
	(1370, -7.97712, 112.633),
	(1371, -7.97695, 112.633),
	(1372, -7.97677, 112.634),
	(1373, -7.97663, 112.634),
	(1374, -7.97654, 112.634),
	(1375, -7.97651, 112.634),
	(1376, -7.9765, 112.634),
	(1377, -7.97572, 112.634),
	(1378, -7.97484, 112.634),
	(1379, -7.97487, 112.635),
	(1380, -7.97539, 112.636),
	(1381, -7.97585, 112.636),
	(1382, -7.97589, 112.637),
	(1383, -7.97438, 112.637),
	(1384, -7.97342, 112.637),
	(1385, -7.97242, 112.637),
	(1386, -7.97075, 112.636),
	(1387, -7.96929, 112.636),
	(1388, -7.96931, 112.637),
	(1389, -7.96923, 112.638),
	(1390, -7.96763, 112.638),
	(1391, -7.96741, 112.638),
	(1392, -7.96725, 112.638),
	(1393, -7.96712, 112.638),
	(1394, -7.96701, 112.638),
	(1395, -7.96673, 112.638),
	(1396, -7.96637, 112.638),
	(1397, -7.96613, 112.638),
	(1398, -7.96551, 112.637),
	(1399, -7.96478, 112.636),
	(1400, -7.96456, 112.635),
	(1401, -7.96451, 112.635),
	(1402, -7.96188, 112.636),
	(1403, -7.96037, 112.637),
	(1404, -7.95998, 112.637),
	(1405, -7.95838, 112.638),
	(1406, -7.95694, 112.638),
	(1407, -7.95552, 112.638),
	(1408, -7.95389, 112.639),
	(1409, -7.95241, 112.639),
	(1410, -7.95081, 112.639),
	(1411, -7.94952, 112.64),
	(1412, -7.94797, 112.64),
	(1413, -7.94732, 112.64),
	(1414, -7.94589, 112.64),
	(1415, -7.94479, 112.641),
	(1416, -7.94361, 112.641),
	(1417, -7.94222, 112.642),
	(1418, -7.94097, 112.642),
	(1419, -7.93946, 112.643),
	(1420, -7.93913, 112.643),
	(1421, -7.93766, 112.644),
	(1422, -7.93645, 112.645),
	(1423, -7.93401, 112.646),
	(1424, -7.93248, 112.647),
	(1425, -7.93115, 112.648),
	(1426, -7.92967, 112.649),
	(1427, -7.92916, 112.649),
	(1428, -7.93019, 112.651),
	(1429, -7.93072, 112.652),
	(1430, -7.93135, 112.654),
	(1431, -7.93262, 112.657),
	(1432, -7.9328, 112.657),
	(1433, -7.93289, 112.658),
	(1434, -7.93296, 112.658),
	(1435, -7.93302, 112.659),
	(1436, -7.93312, 112.659),
	(1437, -7.93507, 112.659),
	(1438, -7.93579, 112.659),
	(1439, -7.93571, 112.658),
	(1440, -7.93557, 112.658),
	(1441, -7.93386, 112.658),
	(1442, -7.93396, 112.659),
	(1443, -7.93466, 112.659),
	(1444, -7.95931, 112.638),
	(1445, -7.96011, 112.638),
	(1446, -7.94321, 112.61),
	(1447, -7.94192, 112.609),
	(1448, -7.94092, 112.609),
	(1449, -7.94066, 112.609),
	(1450, -7.94002, 112.608),
	(1451, -7.93954, 112.608),
	(1452, -7.93835, 112.607),
	(1453, -7.93701, 112.606),
	(1454, -7.93618, 112.605),
	(1455, -7.93565, 112.605),
	(1456, -7.95444, 112.611),
	(1457, -7.95405, 112.61),
	(1458, -7.95366, 112.61),
	(1459, -7.95335, 112.61),
	(1460, -7.95288, 112.61),
	(1461, -7.95145, 112.609),
	(1462, -7.95092, 112.609),
	(1463, -7.95025, 112.609),
	(1464, -7.94969, 112.609),
	(1465, -7.94819, 112.609),
	(1466, -7.94724, 112.609),
	(1467, -7.94676, 112.609),
	(1468, -7.94525, 112.643),
	(1469, -7.94658, 112.643),
	(1470, -7.94722, 112.642),
	(1471, -7.94864, 112.642),
	(1472, -7.95096, 112.641),
	(1473, -7.95316, 112.64),
	(1474, -7.9539, 112.64),
	(1475, -7.95605, 112.639),
	(1476, -7.95681, 112.639),
	(1477, -7.95738, 112.639),
	(1478, -7.95874, 112.638),
	(1479, -7.95966, 112.638),
	(1480, -7.96143, 112.637),
	(1481, -7.96177, 112.637),
	(1482, -7.96327, 112.637),
	(1483, -7.96488, 112.637),
	(1484, -7.96582, 112.637),
	(1485, -7.96656, 112.638),
	(1490, -7.97184, 112.639),
	(1491, -7.97248, 112.639),
	(1492, -7.97346, 112.638),
	(1501, -7.97688, 112.633),
	(1508, -7.97162, 112.621),
	(1518, -7.96315, 112.622),
	(1523, -7.95803, 112.619),
	(1526, -7.93396, 112.659),
	(1527, -7.93385, 112.658),
	(1528, -7.93538, 112.658),
	(1529, -7.93568, 112.658),
	(1530, -7.9359, 112.658),
	(1531, -7.93476, 112.655),
	(1532, -7.93417, 112.654),
	(1533, -7.93359, 112.653),
	(1534, -7.93248, 112.65),
	(1535, -7.93279, 112.65),
	(1536, -7.93364, 112.65),
	(1537, -7.93409, 112.65),
	(1538, -7.93492, 112.65),
	(1539, -7.93561, 112.65),
	(1540, -7.93637, 112.65),
	(1541, -7.93667, 112.65),
	(1542, -7.93732, 112.65),
	(1543, -7.93918, 112.65),
	(1544, -7.94006, 112.65),
	(1545, -7.94226, 112.649),
	(1546, -7.94278, 112.649),
	(1547, -7.9432, 112.648),
	(1548, -7.94354, 112.648),
	(1549, -7.94357, 112.647),
	(1550, -7.94416, 112.646),
	(1551, -7.94346, 112.645),
	(1552, -7.94349, 112.644),
	(1553, -8.02647, 112.643),
	(1554, -8.02662, 112.643),
	(1555, -8.02651, 112.642),
	(1556, -8.0263, 112.641),
	(1557, -8.02604, 112.64),
	(1558, -8.02586, 112.64),
	(1559, -8.02556, 112.639),
	(1560, -8.0251, 112.638),
	(1561, -8.02491, 112.637),
	(1562, -8.0247, 112.636),
	(1563, -8.02478, 112.635),
	(1564, -8.02482, 112.635),
	(1565, -8.0245, 112.633),
	(1566, -8.02432, 112.633),
	(1567, -8.02338, 112.63),
	(1568, -8.02315, 112.629),
	(1569, -8.02306, 112.629),
	(1570, -8.02297, 112.628),
	(1571, -8.02288, 112.628),
	(1572, -8.02262, 112.627),
	(1573, -8.0224, 112.626),
	(1574, -8.02212, 112.625),
	(1575, -8.0215, 112.623),
	(1576, -8.02085, 112.621),
	(1577, -8.02062, 112.62),
	(1578, -8.01919, 112.619),
	(1579, -8.01864, 112.62),
	(1580, -8.01777, 112.62),
	(1581, -8.01687, 112.62),
	(1582, -8.01665, 112.62),
	(1583, -8.01632, 112.62),
	(1584, -8.01478, 112.62),
	(1585, -8.01428, 112.62),
	(1586, -8.01403, 112.62),
	(1587, -8.01373, 112.62),
	(1588, -8.01304, 112.62),
	(1589, -8.01131, 112.62),
	(1590, -8.01081, 112.62),
	(1591, -8.00958, 112.62),
	(1592, -8.00881, 112.619),
	(1594, -8.00552, 112.618),
	(1595, -8.00431, 112.618),
	(1596, -8.00279, 112.618),
	(1597, -8.00197, 112.618),
	(1598, -8.00122, 112.618),
	(1599, -7.99934, 112.618),
	(1600, -7.99845, 112.619),
	(1601, -7.99792, 112.619),
	(1602, -7.99736, 112.619),
	(1603, -7.99591, 112.62),
	(1604, -7.99501, 112.62),
	(1605, -7.99297, 112.621),
	(1606, -7.99182, 112.621),
	(1607, -7.99128, 112.621),
	(1608, -7.99028, 112.622),
	(1609, -7.9889, 112.622),
	(1610, -7.98867, 112.622),
	(1611, -7.98728, 112.623),
	(1612, -7.98626, 112.624),
	(1613, -7.98575, 112.624),
	(1614, -7.98456, 112.625),
	(1615, -7.98431, 112.626),
	(1616, -7.98437, 112.627),
	(1617, -7.98459, 112.628),
	(1618, -7.98389, 112.629),
	(1619, -7.98282, 112.628),
	(1620, -7.98257, 112.627),
	(1621, -7.9817, 112.627),
	(1622, -7.98105, 112.628),
	(1623, -7.98124, 112.629),
	(1624, -7.98136, 112.629),
	(1625, -7.98148, 112.63),
	(1626, -7.98176, 112.631),
	(1627, -7.98149, 112.632),
	(1628, -7.98078, 112.632),
	(1629, -7.98053, 112.632),
	(1630, -7.97914, 112.631),
	(1631, -7.97898, 112.632),
	(1632, -7.97841, 112.633),
	(1633, -7.97804, 112.633),
	(1634, -7.97507, 112.634),
	(1635, -7.97507, 112.635),
	(1636, -7.97562, 112.636),
	(1637, -7.97512, 112.637),
	(1638, -7.97416, 112.637),
	(1639, -7.97366, 112.637),
	(1640, -7.97295, 112.637),
	(1641, -7.97157, 112.637),
	(1642, -7.97113, 112.636),
	(1643, -7.97, 112.636),
	(1644, -7.96927, 112.638),
	(1645, -7.96859, 112.638),
	(1646, -7.96806, 112.638),
	(1647, -7.96606, 112.638),
	(1648, -7.96582, 112.637),
	(1649, -7.96541, 112.637),
	(1650, -7.96513, 112.636),
	(1651, -7.96322, 112.636),
	(1652, -7.95983, 112.637),
	(1653, -7.95931, 112.637),
	(1654, -7.95882, 112.637),
	(1655, -7.95769, 112.638),
	(1656, -7.95625, 112.638),
	(1657, -7.95469, 112.638),
	(1658, -7.95297, 112.639),
	(1659, -7.95162, 112.639),
	(1660, -7.95011, 112.639),
	(1661, -7.94866, 112.64),
	(1662, -7.94662, 112.64),
	(1663, -7.94531, 112.641),
	(1664, -7.94411, 112.641),
	(1665, -7.94289, 112.642),
	(1666, -7.94156, 112.642),
	(1667, -7.94025, 112.643),
	(1668, -7.93831, 112.644),
	(1669, -7.93717, 112.644),
	(1670, -7.93526, 112.645),
	(1671, -7.9335, 112.646),
	(1672, -7.93311, 112.647),
	(1673, -7.93184, 112.647),
	(1674, -7.93044, 112.648),
	(1675, -7.92968, 112.65),
	(1676, -7.93046, 112.651),
	(1677, -7.93104, 112.653),
	(1678, -7.93174, 112.654),
	(1679, -7.93219, 112.656),
	(1680, -7.93269, 112.657),
	(1681, -7.93294, 112.658),
	(1682, -7.93411, 112.659),
	(1683, -7.93459, 112.659),
	(1684, -7.93565, 112.658),
	(1685, -7.93538, 112.658),
	(1686, -8.02409, 112.632),
	(1687, -8.02358, 112.631),
	(1688, -8.02327, 112.63),
	(1689, -7.97344, 112.638),
	(1690, -7.97416, 112.637),
	(1691, -7.97435, 112.637),
	(1692, -7.97688, 112.637),
	(1693, -7.98132, 112.638),
	(1694, -7.9822, 112.637),
	(1695, -7.98407, 112.637),
	(1696, -7.98422, 112.637),
	(1697, -7.9844, 112.637),
	(1698, -7.9848, 112.636),
	(1699, -7.9857, 112.636),
	(1700, -7.9866, 112.636),
	(1701, -7.98742, 112.636),
	(1702, -7.98835, 112.635),
	(1703, -7.99064, 112.634),
	(1704, -7.99126, 112.634),
	(1705, -7.99165, 112.634),
	(1706, -7.99305, 112.634),
	(1707, -7.9946, 112.633),
	(1708, -7.99657, 112.633),
	(1709, -7.99773, 112.633),
	(1710, -7.99923, 112.632),
	(1711, -7.99985, 112.632),
	(1712, -8.00093, 112.631),
	(1713, -8.00341, 112.631),
	(1714, -8.00407, 112.63),
	(1715, -8.0058, 112.63),
	(1716, -8.00597, 112.63),
	(1717, -8.00677, 112.63),
	(1718, -8.00768, 112.63),
	(1719, -8.00825, 112.63),
	(1720, -8.00849, 112.63),
	(1721, -8.00877, 112.63),
	(1722, -8.00902, 112.63),
	(1723, -8.00933, 112.63),
	(1724, -8.01039, 112.629),
	(1725, -8.01085, 112.629),
	(1726, -8.01147, 112.629),
	(1727, -8.0118, 112.629),
	(1728, -8.01268, 112.629),
	(1729, -8.01389, 112.629),
	(1730, -8.0177, 112.628),
	(1731, -8.01881, 112.628),
	(1732, -8.02094, 112.628),
	(1733, -8.02317, 112.629),
	(1734, -8.02358, 112.631),
	(1735, -8.02404, 112.632),
	(1736, -8.02459, 112.636),
	(1737, -8.02524, 112.639),
	(1738, -8.02561, 112.64),
	(1739, -8.02623, 112.641),
	(1740, -8.02641, 112.642),
	(1741, -8.02648, 112.643),
	(1742, -8.02574, 112.643),
	(1743, -7.94963, 112.615),
	(1744, -7.94996, 112.615),
	(1745, -7.95043, 112.616),
	(1746, -7.95092, 112.617),
	(1747, -7.95145, 112.617),
	(1748, -7.95243, 112.618),
	(1749, -7.95266, 112.619),
	(1750, -7.95549, 112.621),
	(1751, -7.95665, 112.622),
	(1752, -7.95956, 112.625),
	(1753, -7.96022, 112.626),
	(1754, -7.96081, 112.626),
	(1755, -7.9614, 112.626),
	(1756, -7.96164, 112.626),
	(1757, -7.96215, 112.626),
	(1758, -7.96224, 112.626),
	(1759, -7.96237, 112.626),
	(1760, -7.96247, 112.626),
	(1761, -7.96274, 112.626),
	(1762, -7.963, 112.627),
	(1763, -7.96339, 112.627),
	(1764, -7.96426, 112.628),
	(1765, -7.96449, 112.628),
	(1766, -7.96515, 112.628),
	(1767, -7.96558, 112.628),
	(1768, -7.96603, 112.629),
	(1769, -7.96623, 112.629),
	(1770, -7.96668, 112.629),
	(1771, -7.96684, 112.629),
	(1772, -7.96741, 112.629),
	(1773, -7.96793, 112.629),
	(1774, -7.96854, 112.629),
	(1775, -7.96893, 112.629),
	(1776, -7.9692, 112.629),
	(1777, -7.96948, 112.629),
	(1778, -7.96978, 112.629),
	(1779, -7.97001, 112.629),
	(1780, -7.97047, 112.629),
	(1781, -7.97131, 112.629),
	(1782, -7.97147, 112.629),
	(1783, -7.97198, 112.629),
	(1784, -7.97306, 112.629),
	(1785, -7.97341, 112.629),
	(1786, -7.97391, 112.629),
	(1787, -7.9742, 112.63),
	(1788, -7.97467, 112.63),
	(1789, -7.97502, 112.63),
	(1790, -7.97581, 112.63),
	(1791, -7.97609, 112.629),
	(1792, -7.97738, 112.629),
	(1793, -7.97789, 112.629),
	(1794, -7.97854, 112.63),
	(1795, -7.97938, 112.63),
	(1796, -7.97992, 112.63),
	(1797, -7.98042, 112.631),
	(1798, -7.98062, 112.631),
	(1799, -7.98104, 112.631),
	(1800, -7.98172, 112.63),
	(1801, -7.98247, 112.63),
	(1802, -7.98314, 112.63),
	(1803, -7.98355, 112.629),
	(1804, -7.98413, 112.629),
	(1805, -7.98442, 112.629),
	(1806, -7.98486, 112.63),
	(1807, -7.98497, 112.63),
	(1808, -7.98501, 112.63),
	(1809, -7.98553, 112.632),
	(1810, -7.98572, 112.633),
	(1811, -7.9868, 112.633),
	(1812, -7.98768, 112.632),
	(1813, -7.98864, 112.632),
	(1814, -7.98886, 112.632),
	(1815, -7.99119, 112.631),
	(1816, -7.99167, 112.631),
	(1817, -7.99219, 112.631),
	(1818, -7.99236, 112.631),
	(1819, -7.99278, 112.631),
	(1820, -7.99297, 112.632),
	(1821, -7.99307, 112.632),
	(1822, -7.99337, 112.633),
	(1823, -7.99453, 112.633),
	(1824, -7.99513, 112.633),
	(1825, -7.99657, 112.633),
	(1826, -7.99718, 112.633),
	(1827, -7.9978, 112.633),
	(1828, -7.99826, 112.632),
	(1829, -7.99976, 112.632),
	(1830, -8.00005, 112.632),
	(1831, -8.00149, 112.631),
	(1832, -8.00179, 112.631),
	(1833, -8.00341, 112.631),
	(1834, -8.00423, 112.63),
	(1835, -8.00458, 112.63),
	(1836, -8.00596, 112.63),
	(1837, -8.01086, 112.629),
	(1838, -8.01179, 112.629),
	(1839, -8.02275, 112.628),
	(1840, -8.02318, 112.629),
	(1841, -8.02358, 112.631),
	(1842, -8.02373, 112.631),
	(1843, -8.02409, 112.633),
	(1844, -8.02427, 112.633),
	(1845, -8.02462, 112.636),
	(1846, -8.02459, 112.636),
	(1847, -8.02463, 112.637),
	(1848, -8.02483, 112.637),
	(1849, -8.02521, 112.639),
	(1850, -8.02625, 112.641),
	(1851, -8.02638, 112.642),
	(1852, -8.0265, 112.643),
	(1853, -8.02583, 112.643),
	(1854, -8.02296, 112.628),
	(1855, -8.02296, 112.628),
	(1856, -8.02292, 112.628),
	(1857, -7.96664, 112.638),
	(1858, -7.93464, 112.659),
	(1859, -7.93395, 112.659),
	(1860, -7.93386, 112.658),
	(1861, -7.93554, 112.658),
	(1862, -7.93565, 112.658),
	(1863, -7.9357, 112.658),
	(1864, -7.93579, 112.659),
	(1865, -7.93616, 112.659),
	(1866, -7.93628, 112.659),
	(1867, -7.9362, 112.659),
	(1868, -7.93586, 112.658),
	(1869, -7.93509, 112.656),
	(1870, -7.93429, 112.654),
	(1871, -7.93359, 112.653),
	(1872, -7.93237, 112.65),
	(1873, -7.93386, 112.65),
	(1874, -7.93478, 112.65),
	(1875, -7.93702, 112.65),
	(1876, -7.93892, 112.65),
	(1877, -7.9411, 112.649),
	(1878, -7.94376, 112.648),
	(1879, -7.94504, 112.648),
	(1880, -7.94692, 112.647),
	(1881, -7.94937, 112.647),
	(1882, -7.95135, 112.646),
	(1883, -7.95331, 112.646),
	(1884, -7.95534, 112.645),
	(1885, -7.95761, 112.644),
	(1886, -7.96018, 112.642),
	(1887, -7.96213, 112.641),
	(1888, -7.9648, 112.64),
	(1889, -7.96699, 112.639),
	(1890, -7.96711, 112.639),
	(1891, -7.96715, 112.639),
	(1892, -7.96728, 112.639),
	(1893, -7.96758, 112.64),
	(1894, -7.96776, 112.64),
	(1895, -7.96789, 112.641),
	(1896, -7.96819, 112.642),
	(1897, -7.96832, 112.642),
	(1898, -7.96918, 112.643),
	(1899, -7.96968, 112.643),
	(1900, -7.97044, 112.643),
	(1901, -7.97104, 112.644),
	(1902, -7.97186, 112.645),
	(1903, -7.97249, 112.645),
	(1904, -7.97297, 112.646),
	(1905, -7.97321, 112.646),
	(1906, -7.97391, 112.646),
	(1907, -7.97541, 112.645),
	(1908, -7.97603, 112.644),
	(1912, -7.97369, 112.639),
	(1916, -7.98107, 112.638),
	(1919, -7.98459, 112.638),
	(1920, -7.98536, 112.639),
	(1921, -7.98559, 112.64),
	(1922, -7.98584, 112.64),
	(1923, -7.98613, 112.64),
	(1924, -7.98737, 112.639),
	(1925, -7.98807, 112.639),
	(1926, -7.98845, 112.639),
	(1927, -7.98883, 112.639),
	(1928, -7.9903, 112.638),
	(1929, -7.99083, 112.638),
	(1930, -7.99146, 112.637),
	(1931, -7.99242, 112.637),
	(1932, -7.99338, 112.637),
	(1933, -7.99393, 112.636),
	(1934, -7.99431, 112.636),
	(1935, -7.99444, 112.635),
	(1936, -7.99387, 112.634),
	(1937, -7.99648, 112.633),
	(1938, -7.99768, 112.633),
	(1939, -7.99906, 112.632),
	(1940, -8.00004, 112.632),
	(1941, -8.00235, 112.631),
	(1942, -8.00377, 112.63),
	(1943, -8.00612, 112.63),
	(1944, -8.00771, 112.63),
	(1945, -8.00933, 112.63),
	(1946, -8.01149, 112.629),
	(1947, -8.01312, 112.629),
	(1948, -8.01529, 112.629),
	(1949, -8.01687, 112.628),
	(1950, -8.0192, 112.628),
	(1951, -8.022, 112.628),
	(1952, -8.02262, 112.628),
	(1953, -8.02291, 112.628),
	(1954, -8.02299, 112.629),
	(1955, -8.02378, 112.631),
	(1956, -8.02378, 112.632),
	(1957, -8.02448, 112.634),
	(1958, -8.0247, 112.635),
	(1959, -8.02471, 112.635),
	(1960, -8.02467, 112.635),
	(1961, -8.02458, 112.636),
	(1962, -8.02549, 112.64),
	(1963, -8.02576, 112.64),
	(1964, -8.02624, 112.641),
	(1965, -8.02653, 112.643),
	(1966, -8.02648, 112.643),
	(1967, -8.02641, 112.643),
	(1968, -8.02517, 112.643),
	(1969, -7.99707, 112.633),
	(1970, -7.99777, 112.633),
	(1971, -7.99874, 112.632),
	(1972, -7.99974, 112.632),
	(1973, -8.00064, 112.632),
	(1974, -8.0013, 112.631),
	(1975, -8.00297, 112.631),
	(1976, -8.00424, 112.63),
	(1977, -8.00458, 112.63),
	(1978, -8.00488, 112.63),
	(1979, -8.00677, 112.63),
	(1980, -8.0085, 112.63),
	(1981, -8.00878, 112.63),
	(1982, -8.00901, 112.63),
	(1983, -8.00988, 112.629),
	(1984, -8.01037, 112.629),
	(1985, -8.01087, 112.629),
	(1986, -8.01209, 112.629),
	(1987, -8.01252, 112.629),
	(1988, -8.01359, 112.629),
	(1989, -8.01441, 112.629),
	(1990, -8.01561, 112.629),
	(1991, -8.01629, 112.629),
	(1992, -8.01772, 112.628),
	(1993, -8.01805, 112.628),
	(1994, -8.01998, 112.628),
	(1995, -8.02075, 112.628),
	(1996, -8.02338, 112.63),
	(1997, -8.02442, 112.634),
	(1998, -8.02462, 112.634),
	(1999, -8.02459, 112.636),
	(2000, -8.02462, 112.637),
	(2001, -8.02499, 112.638),
	(2002, -8.0254, 112.639),
	(2003, -8.02562, 112.64),
	(2004, -8.02613, 112.64),
	(2005, -8.02621, 112.641),
	(2006, -8.02639, 112.642),
	(2007, -8.02577, 112.643),
	(2008, -7.93469, 112.658),
	(2009, -7.93536, 112.658),
	(2010, -7.93573, 112.658),
	(2011, -7.93598, 112.659),
	(2012, -7.93547, 112.657),
	(2013, -7.93489, 112.656),
	(2014, -7.9347, 112.655),
	(2015, -7.93395, 112.653),
	(2016, -7.93339, 112.652),
	(2017, -7.9332, 112.652),
	(2018, -7.93278, 112.651),
	(2019, -7.93249, 112.65),
	(2020, -7.93285, 112.65),
	(2021, -7.93365, 112.65),
	(2022, -7.93396, 112.65),
	(2023, -7.93563, 112.65),
	(2024, -7.93638, 112.65),
	(2025, -7.93782, 112.65),
	(2026, -7.93824, 112.65),
	(2027, -7.93916, 112.65),
	(2028, -7.93949, 112.65),
	(2029, -7.94002, 112.65),
	(2030, -7.94162, 112.649),
	(2031, -7.94196, 112.649),
	(2032, -7.94281, 112.649),
	(2033, -7.94457, 112.648),
	(2034, -7.94591, 112.647),
	(2035, -7.94641, 112.647),
	(2036, -7.9477, 112.647),
	(2037, -7.94805, 112.647),
	(2038, -7.9497, 112.647),
	(2039, -7.95054, 112.647),
	(2040, -7.95183, 112.646),
	(2041, -7.95245, 112.646),
	(2042, -7.95276, 112.646),
	(2043, -7.95371, 112.646),
	(2044, -7.95429, 112.645),
	(2045, -7.95601, 112.645),
	(2046, -7.95665, 112.644),
	(2047, -7.95704, 112.644),
	(2048, -7.95725, 112.644),
	(2049, -7.95841, 112.643),
	(2050, -7.95889, 112.643),
	(2051, -7.95987, 112.643),
	(2052, -7.96052, 112.642),
	(2053, -7.96103, 112.642),
	(2054, -7.96282, 112.641),
	(2055, -7.96348, 112.641),
	(2056, -7.96587, 112.639),
	(2057, -7.96704, 112.639),
	(2058, -7.96743, 112.639),
	(2059, -7.96764, 112.64),
	(2060, -7.96782, 112.641),
	(2061, -7.96802, 112.641),
	(2062, -7.96851, 112.642),
	(2063, -7.96872, 112.642),
	(2064, -7.96903, 112.642),
	(2065, -7.96933, 112.643),
	(2066, -7.97013, 112.643),
	(2067, -7.97054, 112.643),
	(2068, -7.97062, 112.643),
	(2069, -7.97127, 112.644),
	(2070, -7.9721, 112.645),
	(2071, -7.97465, 112.645),
	(2072, -7.97656, 112.644),
	(2075, -7.97692, 112.643),
	(2091, -7.98137, 112.638),
	(2094, -7.98571, 112.64),
	(2095, -7.98662, 112.639),
	(2096, -7.98826, 112.639),
	(2097, -7.98865, 112.639),
	(2098, -7.98904, 112.639),
	(2099, -7.98951, 112.638),
	(2100, -7.99058, 112.638),
	(2101, -7.99114, 112.638),
	(2102, -7.99163, 112.637),
	(2103, -7.99183, 112.637),
	(2104, -7.9937, 112.636),
	(2105, -7.99411, 112.636),
	(2106, -7.99437, 112.635),
	(2107, -7.99444, 112.635),
	(2108, -7.99413, 112.634),
	(2109, -7.99391, 112.634),
	(2110, -7.99481, 112.633),
	(2111, -7.99577, 112.633),
	(2112, -7.99585, 112.633),
	(2235, -7.99859, 112.632),
	(2333, -7.93503, 112.658),
	(2334, -7.93566, 112.658),
	(2335, -7.93575, 112.658),
	(2336, -7.93577, 112.659),
	(2337, -7.93581, 112.659),
	(2338, -7.93403, 112.659),
	(2339, -7.93394, 112.658),
	(2340, -7.97717, 112.644),
	(2341, -7.97746, 112.643),
	(2342, -7.97725, 112.643),
	(2343, -7.97633, 112.642),
	(2344, -7.97585, 112.642),
	(2345, -7.97562, 112.641),
	(2346, -7.97537, 112.641),
	(2347, -7.97502, 112.641),
	(2348, -7.97449, 112.64),
	(2349, -7.97404, 112.639),
	(2350, -7.97368, 112.639),
	(2351, -7.97413, 112.639),
	(2352, -7.97716, 112.639),
	(2353, -7.97753, 112.639),
	(2354, -7.97822, 112.639),
	(2355, -7.97855, 112.639),
	(2356, -7.97891, 112.638),
	(2357, -7.97919, 112.638),
	(2358, -7.97982, 112.638),
	(2359, -7.98013, 112.638),
	(2360, -7.98044, 112.638),
	(2361, -7.9809, 112.638),
	(2363, -7.98168, 112.638),
	(2364, -7.982, 112.638),
	(2365, -7.98219, 112.637),
	(2366, -7.98242, 112.637),
	(2367, -7.98271, 112.637),
	(2368, -7.98298, 112.637),
	(2369, -7.98312, 112.637),
	(2370, -7.98337, 112.637),
	(2371, -7.98361, 112.637),
	(2372, -7.98422, 112.638),
	(2391, -7.98269, 112.637),
	(2392, -7.98296, 112.637),
	(2393, -7.9764, 112.628),
	(2394, -7.9763, 112.628),
	(2395, -7.97626, 112.627),
	(2396, -7.97622, 112.627),
	(2397, -7.97616, 112.627),
	(2398, -7.97604, 112.627),
	(2399, -7.9758, 112.627),
	(2400, -7.97557, 112.626),
	(2401, -7.97552, 112.626),
	(2402, -7.97554, 112.626),
	(2403, -7.97556, 112.626),
	(2404, -7.97552, 112.626),
	(2405, -7.97542, 112.626),
	(2406, -7.97533, 112.626),
	(2407, -7.97526, 112.626),
	(2408, -7.97515, 112.626),
	(2409, -7.97508, 112.626),
	(2410, -7.975, 112.626),
	(2411, -7.97474, 112.626),
	(2412, -7.9745, 112.625),
	(2413, -7.9743, 112.625),
	(2414, -7.97383, 112.625),
	(2415, -7.97343, 112.624),
	(2416, -7.97312, 112.623),
	(2417, -7.97271, 112.623),
	(2418, -7.97272, 112.623),
	(2419, -7.97251, 112.622),
	(2420, -7.97253, 112.622),
	(2421, -7.97275, 112.622),
	(2422, -7.96703, 112.639),
	(2423, -7.96717, 112.639),
	(2424, -7.96732, 112.639),
	(2425, -7.96739, 112.639),
	(2426, -7.96742, 112.639),
	(2427, -7.96753, 112.638),
	(2428, -7.96768, 112.638),
	(2429, -7.96804, 112.638),
	(2430, -7.96854, 112.638),
	(2431, -7.96886, 112.638),
	(2432, -7.96923, 112.638),
	(2433, -7.96942, 112.638),
	(2434, -7.9704, 112.638),
	(2435, -7.97069, 112.639),
	(2436, -7.97107, 112.639),
	(2437, -7.97122, 112.638),
	(2438, -7.97348, 112.639),
	(2439, -7.97343, 112.637),
	(2440, -7.97343, 112.637),
	(2442, -7.97361, 112.637),
	(2443, -7.97413, 112.637),
	(2444, -7.97437, 112.637),
	(2445, -7.97496, 112.637),
	(2446, -7.97555, 112.637),
	(2447, -7.9759, 112.637),
	(2448, -7.97674, 112.637),
	(2449, -7.97711, 112.637),
	(2450, -7.97773, 112.637),
	(2451, -7.97769, 112.637),
	(2452, -7.97763, 112.636),
	(2453, -7.97751, 112.636),
	(2454, -7.97736, 112.635),
	(2455, -7.97744, 112.635),
	(2456, -7.97764, 112.634),
	(2457, -7.97771, 112.634),
	(2458, -7.97775, 112.634),
	(2459, -7.97769, 112.634),
	(2460, -7.97747, 112.634),
	(2461, -7.97731, 112.633),
	(2462, -7.97714, 112.633),
	(2463, -7.97681, 112.633),
	(2464, -7.97666, 112.632),
	(2465, -7.97661, 112.632),
	(2466, -7.97659, 112.631),
	(2467, -7.97658, 112.63),
	(2468, -7.97652, 112.63),
	(2469, -7.97651, 112.629),
	(2470, -7.97647, 112.629),
	(2471, -7.97647, 112.628),
	(2472, -7.96875, 112.618),
	(2473, -7.96861, 112.617),
	(2474, -7.96845, 112.617),
	(2475, -7.96829, 112.617),
	(2476, -7.96817, 112.617),
	(2477, -7.96804, 112.617),
	(2478, -7.968, 112.617),
	(2479, -7.9679, 112.616),
	(2480, -7.96779, 112.616),
	(2481, -7.96766, 112.616),
	(2482, -7.96753, 112.616),
	(2483, -7.9675, 112.615),
	(2484, -7.96703, 112.615),
	(2485, -7.96664, 112.616),
	(2486, -7.96657, 112.616),
	(2487, -7.96651, 112.616),
	(2488, -7.96637, 112.616),
	(2489, -7.9663, 112.616),
	(2490, -7.9661, 112.616),
	(2491, -7.96587, 112.616),
	(2492, -7.96563, 112.616),
	(2493, -7.9654, 112.616),
	(2494, -7.96502, 112.616),
	(2495, -7.9652, 112.617),
	(2496, -7.96534, 112.617),
	(2497, -7.96559, 112.617),
	(2498, -7.96576, 112.618),
	(2499, -7.96637, 112.619),
	(2500, -7.96671, 112.619),
	(2501, -7.9664, 112.62),
	(2502, -7.9661, 112.62),
	(2503, -7.9655, 112.62),
	(2504, -7.96503, 112.62),
	(2505, -7.96483, 112.62),
	(2506, -7.96445, 112.621),
	(2507, -7.96431, 112.621),
	(2508, -7.96426, 112.621),
	(2509, -7.96414, 112.621),
	(2510, -7.96396, 112.621),
	(2511, -7.96387, 112.621),
	(2512, -7.96354, 112.622),
	(2513, -7.96262, 112.621),
	(2514, -7.96214, 112.621),
	(2515, -7.96171, 112.621),
	(2516, -7.96137, 112.621),
	(2517, -7.96103, 112.621),
	(2518, -7.96075, 112.621),
	(2519, -7.96054, 112.621),
	(2520, -7.96021, 112.622),
	(2521, -7.9601, 112.622),
	(2522, -7.95988, 112.621),
	(2523, -7.95919, 112.621),
	(2524, -7.95838, 112.62),
	(2525, -7.95823, 112.619),
	(2526, -7.95784, 112.619),
	(2527, -7.95708, 112.617),
	(2528, -7.9566, 112.616),
	(2529, -7.95608, 112.616),
	(2530, -7.95605, 112.616),
	(2531, -7.95605, 112.615),
	(2532, -7.95616, 112.615),
	(2533, -7.95626, 112.614),
	(2534, -7.95638, 112.614),
	(2535, -7.95645, 112.613),
	(2536, -7.95654, 112.613),
	(2537, -7.9567, 112.613),
	(2538, -7.95671, 112.613),
	(2541, -7.96683, 112.639),
	(2542, -7.97343, 112.637),
	(2543, -7.97345, 112.637),
	(2544, -7.97387, 112.637),
	(2548, -7.94689, 112.623),
	(2549, -7.94543, 112.621),
	(2550, -7.9446, 112.62),
	(2551, -7.94528, 112.619),
	(2552, -7.9441, 112.62),
	(2553, -7.94434, 112.62),
	(2554, -7.94456, 112.62),
	(2555, -7.94685, 112.623);
/*!40000 ALTER TABLE `point` ENABLE KEYS */;

-- Dumping structure for table thesis_mgm.session
CREATE TABLE IF NOT EXISTS `session` (
  `uuid` varchar(50) DEFAULT NULL,
  `data` json DEFAULT NULL,
  `expire` bigint(20) DEFAULT NULL
) ENGINE=InnoDB DEFAULT CHARSET=latin1;

-- Dumping data for table thesis_mgm.session: ~1 rows (approximately)
/*!40000 ALTER TABLE `session` DISABLE KEYS */;
INSERT INTO `session` (`uuid`, `data`, `expire`) VALUES
	('817dc352-fedd-11ee-aad7-03859352de67', '{"username": ""}', 1713593840);
/*!40000 ALTER TABLE `session` ENABLE KEYS */;

-- Dumping structure for table thesis_mgm.sys_config
CREATE TABLE IF NOT EXISTS `sys_config` (
  `variable` varchar(50) DEFAULT NULL,
  `value` varchar(50) DEFAULT NULL,
  `set_time` datetime DEFAULT NULL,
  `set_by` datetime DEFAULT NULL
) ENGINE=InnoDB DEFAULT CHARSET=latin1;

-- Dumping data for table thesis_mgm.sys_config: ~6 rows (approximately)
/*!40000 ALTER TABLE `sys_config` DISABLE KEYS */;
INSERT INTO `sys_config` (`variable`, `value`, `set_time`, `set_by`) VALUES
	('diagnostics.allow_i_s_tables', 'OFF', '2023-05-25 03:08:12', NULL),
	('diagnostics.include_raw', 'OFF', '2023-05-25 03:08:12', NULL),
	('ps_thread_trx_info.max_length', '65535', '2023-05-25 03:08:12', NULL),
	('statement_performance_analyzer.limit', '100', '2023-05-25 03:08:12', NULL),
	('statement_performance_analyzer.view', NULL, '2023-05-25 03:08:12', NULL),
	('statement_truncate_len', '64', '2023-05-25 03:08:12', NULL);
/*!40000 ALTER TABLE `sys_config` ENABLE KEYS */;

/*!40101 SET SQL_MODE=IFNULL(@OLD_SQL_MODE, '') */;
/*!40014 SET FOREIGN_KEY_CHECKS=IFNULL(@OLD_FOREIGN_KEY_CHECKS, 1) */;
/*!40101 SET CHARACTER_SET_CLIENT=@OLD_CHARACTER_SET_CLIENT */;
/*!40111 SET SQL_NOTES=IFNULL(@OLD_SQL_NOTES, 1) */;
